{"stats":{"minecraft:crafted":{"minecraft:oak_boat":2,"minecraft:oak_planks":40,"minecraft:iron_boots":1,"minecraft:iron_chestplate":1,"minecraft:iron_axe":1,"minecraft:crafting_table":1,"minecraft:stick":4,"minecraft:iron_helmet":1,"minecraft:iron_pickaxe":1,"minecraft:iron_leggings":1,"minecraft:flint_and_steel":1},"minecraft:custom":{"minecraft:time_since_rest":56,"minecraft:sprint_one_cm":100000,"minecraft:damage_taken":299,"minecraft:walk_one_cm":56658,"minecraft:mob_kills":31,"minecraft:drop":2,"minecraft:damage_dealt":2561,"minecraft:swim_one_cm":43670,"minecraft:talked_to_villager":5,"minecraft:interact_with_crafting_table":7,"minecraft:fly_one_cm":80169,"minecraft:open_chest":22,"minecraft:crouch_one_cm":422,"minecraft:play_time":23957,"minecraft:sneak_time":106,"minecraft:walk_under_water_one_cm":900,"minecraft:boat_one_cm":145772,"minecraft:jump":363,"minecraft:time_since_death":23957,"minecraft:walk_on_water_one_cm":4640,"minecraft:sleep_in_bed":1,"minecraft:total_world_time":23957,"minecraft:fall_one_cm":7717},"minecraft:dropped":{"minecraft:leather":2,"minecraft:acacia_fence":1},"minecraft:used":{"minecraft:cooked_mutton":3,"minecraft:flint_and_steel":24,"minecraft:iron_axe":77,"minecraft:bread":1,"minecraft:iron_helmet":1,"minecraft:iron_boots":1,"minecraft:iron_chestplate":1,"minecraft:crafting_table":3,"minecraft:cooked_porkchop":2,"minecraft:oak_boat":2,"minecraft:egg":1,"minecraft:iron_leggings":1},"minecraft:picked_up":{"minecraft:crafting_table":2,"minecraft:wheat":204,"minecraft:cooked_beef":8,"minecraft:acacia_fence":1,"minecraft:cooked_porkchop":26,"minecraft:leather":12,"minecraft:torch":1,"minecraft:porkchop":5,"minecraft:oak_log":5,"minecraft:gunpowder":1,"minecraft:spider_eye":1,"minecraft:string":2,"minecraft:cooked_mutton":3,"minecraft:wheat_seeds":530,"minecraft:beef":16,"create:goggles":1,"minecraft:bread":3,"minecraft:iron_pickaxe":1,"minecraft:melon_seeds":2,"minecraft:mutton":3,"minecraft:oak_planks":5,"minecraft:white_wool":3,"minecraft:egg":1},"minecraft:killed":{"minecraft:sheep":4,"minecraft:pig":12,"minecraft:spider":1,"minecraft:creeper":1,"minecraft:cow":9},"minecraft:mined":{"minecraft:melon_stem":1,"minecraft:wheat":211,"minecraft:fire":23,"minecraft:crafting_table":2,"minecraft:grass":60,"minecraft:oak_log":5,"minecraft:acacia_fence":1,"minecraft:tall_grass":6}},"DataVersion":3465}