{"stats":{"minecraft:crafted":{"minecraft:oak_planks":40,"minecraft:crafting_table":2,"travelersbackpack:standard":1,"minecraft:iron_helmet":1,"minecraft:acacia_boat":1,"minecraft:bread":68,"minecraft:flint_and_steel":1,"minecraft:oak_boat":2,"minecraft:iron_boots":1,"minecraft:iron_chestplate":1,"minecraft:iron_axe":1,"minecraft:stick":4,"minecraft:iron_pickaxe":1,"minecraft:chest":2,"minecraft:iron_leggings":1,"minecraft:acacia_planks":52},"minecraft:custom":{"minecraft:mob_kills":35,"minecraft:interact_with_crafting_table":15,"minecraft:raid_trigger":1,"minecraft:time_since_death":47957,"minecraft:sleep_in_bed":1,"minecraft:time_since_rest":24056,"minecraft:sprint_one_cm":165833,"minecraft:damage_taken":461,"minecraft:walk_one_cm":83951,"minecraft:drop":6,"minecraft:damage_dealt":3161,"minecraft:swim_one_cm":43995,"minecraft:talked_to_villager":5,"minecraft:fly_one_cm":193445,"minecraft:open_chest":42,"minecraft:crouch_one_cm":800,"minecraft:play_time":47957,"minecraft:sneak_time":480,"minecraft:walk_under_water_one_cm":978,"minecraft:boat_one_cm":161159,"minecraft:jump":812,"minecraft:walk_on_water_one_cm":7206,"minecraft:total_world_time":47957,"minecraft:fall_one_cm":22497},"minecraft:dropped":{"minecraft:bread":1,"minecraft:leather":12,"minecraft:oak_sapling":6,"minecraft:spider_eye":1,"minecraft:acacia_fence":1},"minecraft:used":{"minecraft:cooked_mutton":3,"minecraft:acacia_boat":1,"minecraft:flint_and_steel":24,"minecraft:oak_planks":24,"minecraft:chest":2,"minecraft:iron_chestplate":1,"minecraft:torch":1,"minecraft:crafting_table":3,"minecraft:birch_sapling":1,"minecraft:iron_axe":128,"minecraft:bread":7,"minecraft:iron_pickaxe":82,"minecraft:iron_helmet":1,"minecraft:iron_boots":1,"ad_astra:sky_stone":1,"minecraft:basalt":4,"minecraft:cobblestone":4,"minecraft:magma_block":2,"minecraft:oak_sapling":1,"minecraft:white_banner":1,"minecraft:cooked_porkchop":2,"minecraft:oak_boat":2,"minecraft:egg":1,"minecraft:iron_leggings":1},"minecraft:killed":{"minecraft:pig":12,"minecraft:spider":2,"minecraft:creeper":1,"minecraft:sheep":4,"minecraft:pillager":1,"minecraft:cow":11},"minecraft:picked_up":{"minecraft:birch_log":12,"minecraft:crafting_table":2,"minecraft:magma_block":2,"minecraft:wheat":204,"minecraft:cooked_beef":8,"minecraft:basalt":4,"minecraft:leather":12,"create:raw_zinc":1,"minecraft:oak_log":15,"ad_astra:sky_stone":1,"minecraft:gunpowder":1,"minecraft:acacia_boat":1,"minecraft:dirt":1,"minecraft:string":3,"minecraft:white_banner":1,"minecraft:cooked_mutton":3,"minecraft:wheat_seeds":530,"minecraft:beef":22,"create:goggles":1,"minecraft:iron_pickaxe":1,"minecraft:coal_block":39,"minecraft:birch_sapling":1,"minecraft:oak_planks":5,"minecraft:egg":1,"minecraft:stick":4,"minecraft:cooked_porkchop":26,"minecraft:acacia_fence":1,"minecraft:torch":1,"minecraft:acacia_log":7,"minecraft:porkchop":5,"minecraft:spider_eye":2,"minecraft:bread":4,"minecraft:oak_sapling":7,"minecraft:melon_seeds":2,"minecraft:mutton":3,"minecraft:white_wool":3,"minecraft:cobblestone":4},"minecraft:mined":{"create:zinc_ore":30,"minecraft:glass_pane":2,"minecraft:melon_stem":1,"minecraft:basalt":4,"minecraft:crafting_table":2,"minecraft:acacia_log":7,"minecraft:grass_block":1,"minecraft:coal_block":40,"minecraft:tall_grass":6,"minecraft:magma_block":2,"minecraft:birch_log":12,"minecraft:fire":23,"minecraft:wheat":211,"minecraft:grass":60,"minecraft:oak_log":21,"minecraft:acacia_fence":1,"minecraft:stone":4,"ad_astra:sky_stone":1}},"DataVersion":3465}