{"stats":{"minecraft:crafted":{"minecraft:oak_planks":40,"minecraft:crafting_table":2,"travelersbackpack:standard":1,"minecraft:iron_helmet":1,"minecraft:bread":68,"minecraft:flint_and_steel":1,"minecraft:oak_boat":2,"minecraft:iron_boots":1,"minecraft:iron_chestplate":1,"minecraft:iron_axe":1,"minecraft:stick":4,"minecraft:iron_pickaxe":1,"minecraft:chest":2,"minecraft:iron_leggings":1,"minecraft:acacia_planks":24},"minecraft:custom":{"minecraft:mob_kills":34,"minecraft:interact_with_crafting_table":14,"minecraft:raid_trigger":1,"minecraft:time_since_death":35957,"minecraft:sleep_in_bed":1,"minecraft:time_since_rest":12056,"minecraft:sprint_one_cm":141749,"minecraft:damage_taken":367,"minecraft:walk_one_cm":73523,"minecraft:drop":4,"minecraft:damage_dealt":3001,"minecraft:swim_one_cm":43670,"minecraft:talked_to_villager":5,"minecraft:fly_one_cm":164897,"minecraft:open_chest":42,"minecraft:crouch_one_cm":684,"minecraft:play_time":35957,"minecraft:sneak_time":253,"minecraft:walk_under_water_one_cm":900,"minecraft:boat_one_cm":145772,"minecraft:jump":673,"minecraft:walk_on_water_one_cm":5239,"minecraft:total_world_time":35957,"minecraft:fall_one_cm":18433},"minecraft:dropped":{"minecraft:bread":1,"minecraft:leather":12,"minecraft:acacia_fence":1},"minecraft:used":{"minecraft:cooked_mutton":3,"minecraft:flint_and_steel":24,"minecraft:oak_planks":24,"minecraft:chest":2,"minecraft:iron_chestplate":1,"minecraft:torch":1,"minecraft:crafting_table":3,"minecraft:iron_axe":83,"minecraft:bread":4,"minecraft:iron_pickaxe":47,"minecraft:iron_helmet":1,"minecraft:iron_boots":1,"ad_astra:sky_stone":1,"minecraft:basalt":4,"minecraft:cobblestone":2,"minecraft:magma_block":2,"minecraft:white_banner":1,"minecraft:cooked_porkchop":2,"minecraft:oak_boat":2,"minecraft:egg":1,"minecraft:iron_leggings":1},"minecraft:killed":{"minecraft:pig":12,"minecraft:spider":1,"minecraft:creeper":1,"minecraft:sheep":4,"minecraft:pillager":1,"minecraft:cow":11},"minecraft:picked_up":{"minecraft:crafting_table":2,"minecraft:magma_block":2,"minecraft:wheat":204,"minecraft:cooked_beef":8,"minecraft:basalt":4,"minecraft:leather":12,"minecraft:oak_log":5,"ad_astra:sky_stone":1,"minecraft:gunpowder":1,"minecraft:string":2,"minecraft:white_banner":1,"minecraft:cooked_mutton":3,"minecraft:wheat_seeds":530,"minecraft:beef":22,"create:goggles":1,"minecraft:iron_pickaxe":1,"minecraft:coal_block":39,"minecraft:oak_planks":5,"minecraft:egg":1,"minecraft:cooked_porkchop":26,"minecraft:acacia_fence":1,"minecraft:torch":1,"minecraft:porkchop":5,"minecraft:spider_eye":1,"minecraft:bread":4,"minecraft:melon_seeds":2,"minecraft:mutton":3,"minecraft:white_wool":3},"minecraft:mined":{"minecraft:glass_pane":2,"minecraft:melon_stem":1,"minecraft:basalt":4,"minecraft:crafting_table":2,"minecraft:coal_block":40,"minecraft:tall_grass":6,"minecraft:magma_block":2,"minecraft:fire":23,"minecraft:wheat":211,"minecraft:grass":60,"minecraft:oak_log":5,"minecraft:acacia_fence":1,"ad_astra:sky_stone":1}},"DataVersion":3465}