{"stats":{"minecraft:crafted":{"minecraft:oak_boat":1,"minecraft:oak_planks":40,"minecraft:iron_boots":1,"minecraft:iron_chestplate":1,"minecraft:iron_axe":1,"minecraft:crafting_table":1,"minecraft:stick":4,"minecraft:iron_helmet":1,"minecraft:iron_pickaxe":1,"minecraft:iron_leggings":1,"minecraft:flint_and_steel":1},"minecraft:custom":{"minecraft:time_since_rest":11957,"minecraft:sprint_one_cm":48121,"minecraft:damage_taken":103,"minecraft:walk_one_cm":34228,"minecraft:mob_kills":11,"minecraft:drop":1,"minecraft:damage_dealt":664,"minecraft:talked_to_villager":5,"minecraft:interact_with_crafting_table":6,"minecraft:fly_one_cm":46363,"minecraft:open_chest":18,"minecraft:crouch_one_cm":345,"minecraft:play_time":11957,"minecraft:sneak_time":96,"minecraft:boat_one_cm":26815,"minecraft:jump":199,"minecraft:time_since_death":11957,"minecraft:walk_on_water_one_cm":1231,"minecraft:total_world_time":11957,"minecraft:fall_one_cm":4486},"minecraft:dropped":{"minecraft:leather":2},"minecraft:used":{"minecraft:cooked_mutton":1,"minecraft:flint_and_steel":16,"minecraft:iron_axe":31,"minecraft:iron_helmet":1,"minecraft:iron_boots":1,"minecraft:iron_chestplate":1,"minecraft:crafting_table":2,"minecraft:oak_boat":1,"minecraft:iron_leggings":1},"minecraft:picked_up":{"minecraft:crafting_table":2,"minecraft:cooked_beef":3,"minecraft:cooked_porkchop":18,"minecraft:leather":2,"minecraft:torch":1,"minecraft:oak_log":5,"minecraft:cooked_mutton":3,"minecraft:wheat_seeds":8,"create:goggles":1,"minecraft:bread":3,"minecraft:iron_pickaxe":1,"minecraft:oak_planks":5,"minecraft:white_wool":1},"minecraft:killed":{"minecraft:sheep":2,"minecraft:pig":7},"minecraft:mined":{"minecraft:fire":15,"minecraft:crafting_table":2,"minecraft:grass":30,"minecraft:oak_log":5,"minecraft:tall_grass":1}},"DataVersion":3465}