{"stats":{"minecraft:crafted":{"minecraft:oak_planks":40,"minecraft:crafting_table":3,"travelersbackpack:standard":1,"minecraft:iron_helmet":1,"minecraft:furnace":1,"minecraft:birch_planks":48,"minecraft:acacia_boat":1,"minecraft:bread":68,"minecraft:air":0,"minecraft:flint_and_steel":1,"minecraft:oak_boat":2,"minecraft:iron_boots":1,"minecraft:iron_chestplate":1,"minecraft:iron_axe":1,"minecraft:stick":4,"minecraft:iron_ingot":6,"minecraft:iron_pickaxe":3,"minecraft:chest":2,"minecraft:iron_leggings":1,"minecraft:acacia_planks":52},"minecraft:custom":{"minecraft:interact_with_furnace":12,"minecraft:mob_kills":48,"minecraft:interact_with_crafting_table":18,"minecraft:raid_trigger":1,"minecraft:leave_game":1,"minecraft:time_since_death":59163,"minecraft:sleep_in_bed":1,"minecraft:time_since_rest":35262,"minecraft:sprint_one_cm":199882,"minecraft:damage_taken":958,"minecraft:walk_one_cm":122334,"minecraft:drop":7,"minecraft:damage_dealt":5379,"minecraft:swim_one_cm":48837,"minecraft:talked_to_villager":5,"minecraft:fly_one_cm":229818,"minecraft:open_chest":42,"minecraft:crouch_one_cm":809,"minecraft:play_time":59163,"minecraft:sneak_time":564,"minecraft:walk_under_water_one_cm":1023,"minecraft:boat_one_cm":161159,"minecraft:jump":1052,"minecraft:walk_on_water_one_cm":9530,"minecraft:total_world_time":59163,"minecraft:fall_one_cm":32303},"minecraft:dropped":{"minecraft:bread":1,"minecraft:leather":12,"minecraft:oak_sapling":6,"minecraft:spider_eye":1,"minecraft:acacia_fence":1,"minecraft:acacia_planks":1},"minecraft:broken":{"minecraft:iron_pickaxe":2},"minecraft:used":{"minecraft:cooked_mutton":3,"minecraft:acacia_boat":1,"minecraft:flint_and_steel":24,"minecraft:oak_planks":24,"minecraft:chest":2,"minecraft:iron_chestplate":1,"minecraft:torch":1,"minecraft:dirt":1,"minecraft:crafting_table":4,"minecraft:string":1,"minecraft:birch_sapling":1,"minecraft:iron_axe":163,"minecraft:bread":16,"minecraft:iron_pickaxe":461,"minecraft:iron_helmet":1,"minecraft:iron_boots":1,"ad_astra:sky_stone":1,"minecraft:basalt":4,"minecraft:cobblestone":15,"minecraft:magma_block":2,"minecraft:furnace":1,"minecraft:oak_sapling":1,"minecraft:white_banner":1,"minecraft:cooked_porkchop":2,"minecraft:oak_boat":2,"minecraft:egg":1,"minecraft:acacia_planks":23,"minecraft:iron_leggings":1},"minecraft:killed":{"minecraft:pig":12,"minecraft:spider":7,"minecraft:creeper":1,"minecraft:skeleton":1,"minecraft:sheep":4,"minecraft:pillager":1,"minecraft:zombie":6,"minecraft:cow":11},"minecraft:picked_up":{"minecraft:birch_log":12,"minecraft:crafting_table":2,"minecraft:magma_block":2,"minecraft:wheat":204,"minecraft:cooked_beef":8,"minecraft:basalt":4,"minecraft:leather":12,"create:raw_zinc":2,"minecraft:oak_log":15,"ad_astra:sky_stone":1,"minecraft:gunpowder":1,"minecraft:acacia_boat":1,"minecraft:dirt":1,"minecraft:string":6,"minecraft:white_banner":1,"minecraft:raw_copper":5,"minecraft:cooked_mutton":3,"minecraft:acacia_planks":1,"minecraft:wheat_seeds":530,"create_new_age:magnetite_block":2,"minecraft:beef":22,"create:goggles":1,"minecraft:iron_pickaxe":1,"minecraft:coal_block":39,"minecraft:birch_sapling":1,"minecraft:oak_planks":5,"minecraft:egg":1,"minecraft:stick":4,"minecraft:raw_iron":3,"minecraft:cooked_porkchop":26,"minecraft:acacia_fence":1,"minecraft:gravel":1,"minecraft:torch":1,"minecraft:acacia_log":7,"minecraft:porkchop":5,"minecraft:spider_eye":5,"minecraft:rotten_flesh":9,"minecraft:bread":4,"minecraft:oak_sapling":7,"minecraft:melon_seeds":2,"minecraft:mutton":3,"minecraft:coal":3,"minecraft:white_wool":3,"minecraft:cobblestone":11},"minecraft:mined":{"create:zinc_ore":36,"minecraft:glass_pane":2,"minecraft:melon_stem":1,"minecraft:basalt":4,"create_new_age:magnetite_block":5,"minecraft:crafting_table":2,"minecraft:acacia_log":7,"minecraft:grass_block":1,"create:scoria":39,"create_new_age:thorium_ore":26,"minecraft:cobblestone":3,"minecraft:copper_ore":70,"minecraft:coal_block":40,"minecraft:tall_grass":6,"minecraft:lapis_ore":5,"minecraft:magma_block":2,"minecraft:iron_ore":85,"minecraft:birch_log":12,"minecraft:fire":23,"minecraft:wheat":211,"minecraft:coal_ore":13,"minecraft:grass":60,"minecraft:oak_log":21,"minecraft:acacia_fence":1,"minecraft:acacia_planks":8,"minecraft:stone":128,"ad_astra:sky_stone":1,"minecraft:tripwire":1}},"DataVersion":3465}