{"stats":{"minecraft:crafted":{"minecraft:oak_planks":20},"minecraft:picked_up":{"minecraft:apple":10,"minecraft:diamond_pickaxe":1},"minecraft:used":{"minecraft:apple":1},"minecraft:custom":{"minecraft:jump":70,"minecraft:time_since_rest":2634,"minecraft:damage_dealt":48,"minecraft:crouch_one_cm":408,"minecraft:deaths":1,"minecraft:sprint_one_cm":5315,"minecraft:play_time":4263,"minecraft:damage_taken":279,"minecraft:time_since_death":2606,"minecraft:walk_one_cm":13216,"minecraft:sneak_time":59,"minecraft:total_world_time":4263,"minecraft:fall_one_cm":1165,"minecraft:fly_one_cm":8750},"minecraft:killed_by":{"minecraft:player":1}},"DataVersion":3465}