{"stats":{"minecraft:crafted":{"minecraft:oak_planks":2148,"minecraft:barrel":50,"minecraft:oak_sign":3,"travelersbackpack:crafting_upgrade":1,"minecraft:acacia_pressure_plate":3,"ad_astra:hammer":1,"minecraft:diamond_shovel":4,"create:mechanical_bearing":1,"minecraft:bookshelf":1,"create:deployer":3,"minecraft:cooked_mutton":8,"minecraft:iron_bars":16,"create:radial_chassis":3,"minecraft:warped_planks":44,"create:vertical_gearbox":3,"create:rotation_speed_controller":2,"minecraft:glass":36,"minecraft:hopper":2,"minecraft:bow":8,"create:mechanical_press":1,"minecraft:polished_blackstone":64,"minecraft:chest":32,"minecraft:oak_button":14,"minecraft:acacia_fence":3,"minecraft:copper_block":1,"minecraft:oak_fence":3,"create:cogwheel":69,"extended_drawers:double_drawer":1,"create:brass_hand":3,"minecraft:golden_axe":2,"minecraft:oak_slab":204,"create:depot":1,"travelersbackpack:iron_tier_upgrade":1,"create:rose_quartz":3,"minecraft:emerald":83,"minecraft:cooked_porkchop":24,"minecraft:crafting_table":14,"create:mechanical_saw":4,"minecraft:acacia_slab":36,"create:fluid_pipe":68,"minecraft:iron_helmet":2,"minecraft:wooden_pickaxe":6,"travelersbackpack:standard":4,"minecraft:smithing_table":1,"minecraft:golden_pickaxe":1,"minecraft:red_wool":3,"minecraft:copper_ingot":248,"create:sand_paper":1,"minecraft:fletching_table":6,"minecraft:campfire":14,"farmersdelight:wheat_dough":9,"create:mechanical_mixer":1,"travelersbackpack:red_sleeping_bag":2,"create:gearbox":4,"ad_astra:iron_plate":33,"create:encased_fan":1,"minecraft:lectern":1,"vs_eureka:oak_ship_helm":1,"minecraft:iron_chestplate":2,"minecraft:book":1,"minecraft:paper":12,"minecraft:diamond_pickaxe":5,"create:water_wheel":3,"create:super_glue":1,"minecraft:stick":3305,"create:white_seat":1,"create:mechanical_pump":1,"minecraft:iron_ingot":93,"minecraft:iron_pickaxe":16,"minecraft:iron_block":1,"farmersdelight:cooked_bacon":5,"minecraft:gold_ingot":23,"create:large_cogwheel":24,"create:propeller":1,"minecraft:shears":2,"create:empty_blaze_burner":3,"minecraft:stone_shovel":59,"create:wrench":1,"create:steam_engine":1,"minecraft:iron_nugget":243,"create:white_sail":12,"minecraft:furnace":6,"minecraft:blast_furnace":1,"minecraft:bone_meal":6,"travelersbackpack:blank_upgrade":4,"travelersbackpack:gold_tier_upgrade":1,"minecraft:glass_pane":16,"minecraft:oak_trapdoor":18,"minecraft:flint_and_steel":2,"travelersbackpack:white_sleeping_bag":1,"vs_eureka:engine":1,"minecraft:iron_axe":3,"minecraft:iron_hoe":1,"minecraft:slime_ball":4,"create:millstone":1,"minecraft:lime_dye":4,"minecraft:stone_pickaxe":31,"create:fluid_tank":47,"create:basin":1,"create:electron_tube":3,"create:belt_connector":31,"create:windmill_bearing":1,"minecraft:wheat":362,"minecraft:cooked_beef":9,"minecraft:red_dye":7,"create:andesite_alloy":93,"create:hand_crank":1,"minecraft:enchanting_table":1,"travelersbackpack:backpack_tank":8,"vs_eureka:balloon":30,"minecraft:iron_sword":3,"minecraft:bell":1,"minecraft:acacia_trapdoor":4,"create:goggles":3,"create:large_water_wheel":3,"mcwbridges:bridge_torch":2,"create:item_drain":1,"minecraft:bucket":6,"minecraft:stone_axe":22,"minecraft:air":0,"minecraft:bread":99,"create:whisk":1,"minecraft:gold_nugget":9,"create:mechanical_arm":1,"minecraft:white_dye":6,"create:linear_chassis":15,"vs_eureka:acacia_ship_helm":1,"minecraft:iron_shovel":11,"extended_drawers:quad_drawer":1,"create:shaft":88,"minecraft:acacia_planks":1516,"minecraft:torch":256},"minecraft:custom":{"minecraft:animals_bred":1,"minecraft:interact_with_crafting_table":178,"minecraft:open_barrel":2,"minecraft:eat_cake_slice":7,"minecraft:leave_game":16,"minecraft:time_since_death":1272,"minecraft:sprint_one_cm":1037172,"minecraft:drop":506,"minecraft:talked_to_villager":225,"minecraft:play_time":692903,"minecraft:deaths":4,"minecraft:jump":8794,"minecraft:walk_on_water_one_cm":49592,"minecraft:enchant_item":4,"minecraft:interact_with_furnace":90,"minecraft:traded_with_villager":169,"minecraft:sleep_in_bed":27,"minecraft:damage_dealt":19916,"minecraft:crouch_one_cm":92863,"minecraft:interact_with_smoker":4,"minecraft:interact_with_smithing_table":1,"minecraft:mob_kills":112,"minecraft:inspect_hopper":5,"minecraft:climb_one_cm":25,"minecraft:walk_one_cm":1062384,"minecraft:sneak_time":26162,"minecraft:walk_under_water_one_cm":19543,"minecraft:total_world_time":692903,"minecraft:time_since_rest":1346,"minecraft:damage_taken":6546,"minecraft:swim_one_cm":104961,"minecraft:fly_one_cm":1894993,"minecraft:open_chest":365,"minecraft:fall_one_cm":256589},"minecraft:dropped":{"minecraft:iron_sword":1,"create:super_glue":1,"minecraft:glow_ink_sac":1,"minecraft:cooked_beef":8,"minecraft:oak_log":661,"minecraft:diamond":3,"minecraft:leather":9,"travelersbackpack:standard":2,"minecraft:leather_helmet":1,"minecraft:item_frame":1,"minecraft:flint":3,"minecraft:dirt":247,"minecraft:mutton":4,"create:goggles":2,"create:iron_sheet":2,"minecraft:sand":159,"minecraft:iron_pickaxe":5,"minecraft:white_wool":1,"minecraft:gold_ingot":1,"minecraft:armor_stand":1,"minecraft:gravel":118,"minecraft:stone_axe":18,"minecraft:blackstone":1,"minecraft:cobbled_deepslate":4285,"minecraft:wheat":96,"extended_drawers:double_drawer":1,"minecraft:pointed_dripstone":25,"minecraft:rotten_flesh":3,"minecraft:oak_planks":179,"minecraft:poppy":5,"minecraft:leather_chestplate":1,"minecraft:gunpowder":1,"create:wrench":1,"minecraft:acacia_slab":26,"minecraft:leather_boots":1,"minecraft:acacia_sapling":5,"minecraft:spruce_slab":2,"minecraft:arrow":1,"minecraft:glass":98,"minecraft:beef":18,"minecraft:netherrack":600,"minecraft:egg":1,"minecraft:enchanted_book":1,"minecraft:bread":65,"minecraft:oak_slab":64,"minecraft:wheat_seeds":93,"minecraft:polished_blackstone":1,"minecraft:dripstone_block":13,"minecraft:cobblestone":1935,"minecraft:iron_helmet":2,"minecraft:granite":327,"minecraft:copper_ingot":160,"minecraft:spruce_stairs":1,"minecraft:stick":271,"minecraft:diorite":40,"minecraft:torch":28,"minecraft:rose_bush":14,"minecraft:diamond_helmet":1,"minecraft:iron_leggings":3,"minecraft:red_dye":74,"minecraft:iron_axe":2,"minecraft:smooth_basalt":39,"minecraft:iron_shovel":13,"minecraft:paper":2,"minecraft:string":4,"minecraft:acacia_planks":464,"create:raw_zinc":144,"minecraft:dandelion":1,"minecraft:kelp":321,"minecraft:oak_trapdoor":8,"minecraft:raw_copper":1145,"minecraft:tuff":89,"minecraft:stone_shovel":76,"minecraft:raw_iron":80,"minecraft:iron_boots":1,"minecraft:dirt_path":3,"minecraft:oak_sign":1,"minecraft:shears":1,"minecraft:hay_block":16,"minecraft:stone":158,"minecraft:oak_button":14,"create:zinc_ingot":96,"minecraft:diamond_pickaxe":1,"minecraft:iron_chestplate":2,"minecraft:oak_sapling":13,"minecraft:spider_eye":3,"minecraft:bamboo":6,"minecraft:stone_pickaxe":6,"minecraft:bow":8,"minecraft:raw_gold":54,"create:empty_blaze_burner":1},"minecraft:killed_by":{"minecraft:piglin_brute":1,"minecraft:zombie":2},"minecraft:broken":{"minecraft:stone_pickaxe":25,"minecraft:diamond_pickaxe":3,"minecraft:stone_axe":5,"minecraft:wooden_pickaxe":6,"minecraft:iron_pickaxe":12,"minecraft:golden_pickaxe":1},"minecraft:used":{"create:deployer":18,"create:brass_casing":1,"minecraft:spruce_slab":2,"minecraft:polished_blackstone":63,"minecraft:oak_sign":3,"minecraft:chest":20,"minecraft:stone":13,"minecraft:iron_sword":277,"minecraft:bell":1,"minecraft:rotten_flesh":2,"create:mechanical_bearing":3,"minecraft:iron_chestplate":1,"create:fluid_tank":28,"minecraft:mutton":1,"minecraft:soul_sand":26,"create:cogwheel":91,"create:white_sail":37,"minecraft:acacia_sapling":78,"create:depot":6,"minecraft:tuff":2,"minecraft:obsidian":62,"minecraft:glass":1,"minecraft:lava_bucket":5,"extended_drawers:quad_drawer":2,"vs_eureka:oak_ship_helm":1,"create_new_age:magnetite_block":3,"create:millstone":2,"minecraft:item_frame":1,"travelersbackpack:red_sleeping_bag":1,"create:rotation_speed_controller":6,"create:shaft":29,"create:steam_engine":1,"minecraft:oak_sapling":60,"minecraft:furnace":13,"minecraft:egg":1,"minecraft:diamond_boots":2,"minecraft:stone_pickaxe":3615,"minecraft:acacia_trapdoor":3,"minecraft:oak_planks":327,"minecraft:wooden_pickaxe":354,"minecraft:sugar_cane":34,"create:mechanical_saw":7,"vs_eureka:acacia_ship_helm":3,"minecraft:dripstone_block":1,"minecraft:shears":3,"minecraft:string":1,"minecraft:bread":66,"minecraft:lectern":4,"minecraft:gravel":16,"create:white_seat":1,"create:basin":3,"vs_eureka:engine":3,"minecraft:smithing_table":1,"create:vertical_gearbox":10,"minecraft:golden_pickaxe":32,"create:large_cogwheel":71,"minecraft:experience_bottle":3,"minecraft:oak_trapdoor":17,"extended_drawers:double_drawer":1,"minecraft:enchanting_table":3,"minecraft:acacia_log":11,"minecraft:flint_and_steel":9,"minecraft:netherrack":163,"minecraft:torch":239,"create:mechanical_pump":2,"minecraft:dirt":547,"create:mechanical_mixer":5,"minecraft:hopper":2,"minecraft:diamond_helmet":1,"minecraft:iron_hoe":79,"create:wrench":264,"create:gearbox":3,"minecraft:iron_axe":1044,"minecraft:acacia_slab":2,"minecraft:iron_boots":2,"minecraft:barrel":3,"minecraft:bamboo":1,"minecraft:beef":4,"create:radial_chassis":9,"minecraft:cooked_beef":7,"minecraft:acacia_planks":30,"minecraft:cobbled_deepslate":245,"create:belt_connector":2,"minecraft:iron_leggings":2,"minecraft:golden_axe":62,"minecraft:pointed_dripstone":2,"minecraft:wheat_seeds":2,"minecraft:water_bucket":18,"create:empty_blaze_burner":1,"minecraft:fletching_table":14,"minecraft:polished_blackstone_bricks":226,"create:blaze_burner":3,"create:encased_fan":5,"minecraft:crafting_table":33,"minecraft:oak_slab":8,"minecraft:campfire":14,"minecraft:oak_log":60,"create:linear_chassis":22,"minecraft:diamond_pickaxe":6513,"minecraft:apple":42,"minecraft:oxeye_daisy":1,"minecraft:diamond_shovel":279,"create:mechanical_press":8,"create:windmill_bearing":5,"minecraft:cracked_polished_blackstone_bricks":76,"mcwbridges:bridge_torch":2,"minecraft:iron_pickaxe":3184,"create:water_wheel":3,"create:large_water_wheel":9,"minecraft:stone_axe":1947,"vs_eureka:balloon":209,"farmersdelight:cooked_bacon":5,"minecraft:cobblestone":85,"travelersbackpack:standard":25,"minecraft:acacia_pressure_plate":3,"minecraft:porkchop":3,"minecraft:cooked_porkchop":25,"minecraft:bucket":38,"create:hand_crank":1,"minecraft:kelp":92,"minecraft:diamond_leggings":1,"minecraft:smooth_stone":37},"minecraft:killed":{"minecraft:spider":8,"minecraft:skeleton":4,"minecraft:piglin_brute":2,"minecraft:magma_cube":2,"minecraft:piglin":6,"minecraft:pig":12,"minecraft:zombie_villager":1,"minecraft:salmon":2,"minecraft:iron_golem":1,"minecraft:creeper":5,"minecraft:sheep":6,"minecraft:pillager":1,"minecraft:zombie":24,"minecraft:ghast":1,"minecraft:cow":15,"minecraft:phantom":2,"minecraft:horse":17,"minecraft:drowned":1,"minecraft:hoglin":1},"minecraft:picked_up":{"minecraft:iron_chestplate":4,"minecraft:wheat":188,"minecraft:yellow_wool":1,"create:item_drain":1,"minecraft:smithing_table":1,"minecraft:lead":2,"create:wrench":3,"minecraft:enchanted_book":4,"minecraft:string":12,"minecraft:raw_copper":324,"minecraft:iron_leggings":3,"minecraft:armor_stand":1,"minecraft:experience_bottle":3,"minecraft:oak_sign":1,"create:water_wheel":3,"minecraft:diamond_leggings":3,"create:mechanical_press":2,"minecraft:smooth_stone":99,"minecraft:cobbled_deepslate":1348,"minecraft:bucket":1,"minecraft:rose_bush":4,"minecraft:iron_pickaxe":3,"minecraft:furnace":4,"minecraft:iron_boots":2,"minecraft:stick":349,"create:mechanical_mixer":1,"minecraft:composter":4,"minecraft:torch":28,"minecraft:acacia_log":345,"create:andesite_casing":3,"minecraft:spruce_stairs":2,"minecraft:porkchop":25,"minecraft:dried_kelp":191,"minecraft:pointed_dripstone":34,"minecraft:diorite":41,"extended_drawers:quad_drawer":1,"create:large_cogwheel":8,"minecraft:rotten_flesh":21,"create:copper_casing":20,"create:asurine":163,"create:veridium":16,"create:mechanical_arm":2,"minecraft:iron_bars":15,"minecraft:obsidian":84,"minecraft:cod":4,"minecraft:cobblestone":702,"minecraft:birch_log":14,"minecraft:enchanting_table":4,"minecraft:leather_chestplate":2,"minecraft:cooked_beef":10,"create:fluid_tank":22,"minecraft:andesite":345,"create:belt_connector":1,"minecraft:flint":2,"minecraft:tuff":13,"create:raw_zinc":2,"minecraft:lantern":2,"minecraft:lapis_lazuli":28,"minecraft:dirt":258,"minecraft:leather_boots":1,"minecraft:glass":169,"minecraft:bone":2,"minecraft:acacia_planks":274,"minecraft:bow":2,"minecraft:wheat_seeds":76,"minecraft:raw_gold":8,"create_new_age:magnetite_block":1,"create:goggles":3,"minecraft:bamboo":9,"create:shaft":21,"minecraft:fletching_table":12,"minecraft:diamond_helmet":4,"create:super_glue":3,"minecraft:oak_planks":183,"create:radial_chassis":1,"minecraft:cooked_porkchop":12,"create:cogwheel":8,"minecraft:sand":3,"create:empty_blaze_burner":1,"ad_astra:iron_plate":3,"create:crimsite":128,"minecraft:diamond":6,"minecraft:cracked_polished_blackstone_bricks":53,"minecraft:granite":173,"minecraft:emerald":176,"minecraft:bread":40,"minecraft:oak_sapling":224,"minecraft:netherrack":204,"minecraft:diamond_pickaxe":1,"minecraft:charcoal":243,"minecraft:crafting_table":20,"create_new_age:thorium":10,"minecraft:azure_bluet":1,"minecraft:diamond_horse_armor":1,"minecraft:oak_trapdoor":8,"minecraft:iron_axe":1,"minecraft:wooden_sword":1,"minecraft:item_frame":2,"minecraft:iron_shovel":3,"minecraft:blackstone":27,"minecraft:beef":35,"create:basin":1,"minecraft:iron_nugget":79,"minecraft:poppy":10,"minecraft:spruce_slab":1,"minecraft:lectern":4,"minecraft:sugar_cane":43,"minecraft:chest":1,"minecraft:birch_sapling":8,"minecraft:egg":7,"minecraft:phantom_membrane":2,"extended_drawers:double_drawer":1,"minecraft:raw_iron":111,"minecraft:stone":174,"minecraft:copper_ingot":834,"minecraft:polished_blackstone_bricks":3,"minecraft:redstone":43,"create:brass_casing":4,"create:zinc_ingot":144,"create:vertical_gearbox":4,"create:deployer":2,"minecraft:arrow":1,"minecraft:stone_shovel":17,"vs_eureka:acacia_ship_helm":2,"minecraft:nether_bricks":1,"minecraft:diamond_boots":3,"minecraft:hay_block":16,"create:depot":3,"minecraft:saddle":1,"minecraft:gold_ingot":76,"minecraft:mutton":14,"minecraft:white_wool":22,"minecraft:oxeye_daisy":1,"minecraft:stripped_oak_log":91,"create:iron_sheet":4,"create:brass_sheet":98,"minecraft:glow_ink_sac":1,"minecraft:salmon":2,"minecraft:leather":34,"travelersbackpack:red_sleeping_bag":1,"minecraft:oak_log":835,"create:andesite_alloy":18,"minecraft:gunpowder":4,"minecraft:paper":4,"minecraft:cooked_mutton":4,"minecraft:apple":31,"minecraft:kelp":377,"vs_eureka:balloon":12,"minecraft:iron_ingot":98,"minecraft:stone_pickaxe":14,"minecraft:iron_sword":2,"minecraft:acacia_sapling":125,"minecraft:soul_sand":39,"create:large_water_wheel":1,"minecraft:red_wool":1,"minecraft:dandelion":2,"minecraft:dripstone_block":1,"minecraft:gravel":29,"minecraft:spider_eye":4,"create:gearbox":2,"minecraft:leather_helmet":2,"travelersbackpack:standard":2,"minecraft:slime_ball":3,"minecraft:stone_axe":5,"minecraft:iron_helmet":1,"minecraft:acacia_slab":2,"minecraft:coal":71},"minecraft:mined":{"create:deepslate_zinc_ore":108,"minecraft:oak_sapling":3,"create:andesite_casing":22,"minecraft:obsidian":121,"minecraft:granite":433,"travelersbackpack:red_sleeping_bag":1,"minecraft:acacia_log":490,"minecraft:grass_block":525,"extended_drawers:double_drawer":1,"minecraft:cracked_polished_blackstone_bricks":75,"minecraft:composter":10,"minecraft:oxeye_daisy":1,"vs_eureka:acacia_ship_helm":2,"minecraft:smooth_stone":15,"minecraft:polished_blackstone_bricks":258,"minecraft:tall_seagrass":5,"minecraft:glowstone":22,"minecraft:iron_ore":42,"minecraft:cobbled_deepslate":44,"minecraft:fire":23,"minecraft:deepslate_lapis_ore":21,"minecraft:fletching_table":14,"minecraft:azure_bluet":1,"minecraft:enchanting_table":3,"create:asurine":248,"minecraft:pointed_dripstone":21,"create:veridium":220,"create:mechanical_press":1,"minecraft:spruce_slab":4,"minecraft:tripwire":1,"minecraft:deepslate_redstone_ore":18,"create:radial_chassis":1,"minecraft:blackstone":251,"minecraft:kelp_plant":80,"minecraft:torch":11,"minecraft:poppy":13,"minecraft:chest":2,"minecraft:dead_bush":1,"create:brass_casing":5,"minecraft:glass":1,"minecraft:nether_quartz_ore":12,"minecraft:cobblestone":51,"minecraft:oak_planks":93,"minecraft:sugar_cane":104,"minecraft:wall_torch":4,"vs_eureka:balloon":18,"minecraft:seagrass":2,"minecraft:acacia_sapling":6,"minecraft:yellow_wool":5,"minecraft:birch_log":17,"minecraft:wheat":2,"minecraft:grass":1535,"minecraft:oak_log":647,"minecraft:sand":197,"minecraft:dirt":472,"minecraft:smooth_basalt":39,"minecraft:netherrack":1237,"minecraft:oak_leaves":537,"minecraft:deepslate":5406,"create:zinc_ore":36,"minecraft:tuff":118,"minecraft:deepslate_diamond_ore":15,"create:fluid_tank":36,"minecraft:nether_bricks":2,"minecraft:crimson_roots":1,"create_new_age:thorium_ore":14,"create:depot":2,"minecraft:acacia_slab":2,"minecraft:kelp":55,"minecraft:hay_block":43,"create:shaft":5,"minecraft:oak_trapdoor":4,"minecraft:furnace":9,"minecraft:acacia_wood":3,"create:white_sail":9,"minecraft:andesite":600,"minecraft:gold_block":19,"minecraft:bookshelf":11,"minecraft:deepslate_iron_ore":45,"minecraft:warped_stem":11,"minecraft:bamboo":2,"minecraft:stone":3410,"minecraft:white_wool":20,"minecraft:smithing_table":1,"minecraft:oak_slab":4,"minecraft:acacia_leaves":78,"minecraft:glass_pane":12,"minecraft:soul_sand":39,"create_new_age:magnetite_block":22,"minecraft:dandelion":1,"travelersbackpack:standard":1,"minecraft:crafting_table":20,"minecraft:warped_roots":1,"minecraft:rose_bush":15,"minecraft:lectern":4,"minecraft:campfire":9,"create:water_wheel":3,"minecraft:copper_ore":279,"minecraft:tall_grass":78,"minecraft:deepslate_gold_ore":51,"minecraft:lapis_ore":21,"minecraft:sculk":39,"minecraft:diorite":41,"minecraft:spruce_stairs":1,"create:gearbox":4,"extended_drawers:quad_drawer":1,"minecraft:birch_leaves":78,"minecraft:coal_ore":119,"minecraft:cocoa":1,"minecraft:gravel":178,"minecraft:dripstone_block":16,"minecraft:acacia_planks":2,"minecraft:fern":3}},"DataVersion":3465}