{"stats":{"minecraft:used":{"minecraft:enchanting_table":3,"minecraft:torch":65,"minecraft:dirt":6,"minecraft:acacia_sapling":3,"minecraft:tuff":2,"minecraft:iron_axe":111,"minecraft:iron_boots":1,"travelersbackpack:red_sleeping_bag":1,"minecraft:beef":3,"minecraft:oak_sapling":3,"minecraft:furnace":9,"minecraft:cooked_beef":2,"minecraft:acacia_planks":1,"minecraft:cobbled_deepslate":205,"minecraft:iron_leggings":1,"minecraft:pointed_dripstone":2,"minecraft:stone_pickaxe":1835,"minecraft:wooden_pickaxe":59,"minecraft:crafting_table":19,"minecraft:dripstone_block":1,"minecraft:diamond_pickaxe":6287,"minecraft:iron_pickaxe":1752,"minecraft:stone_axe":104,"minecraft:cobblestone":31,"minecraft:cooked_porkchop":18,"minecraft:experience_bottle":1},"minecraft:killed":{"minecraft:spider":3,"minecraft:skeleton":2,"minecraft:horse":11,"minecraft:pig":10,"minecraft:zombie_villager":1,"minecraft:creeper":1,"minecraft:sheep":6,"minecraft:zombie":4,"minecraft:cow":11},"minecraft:custom":{"minecraft:mob_kills":49,"minecraft:interact_with_crafting_table":34,"minecraft:leave_game":3,"minecraft:time_since_death":136974,"minecraft:sprint_one_cm":158009,"minecraft:walk_one_cm":221515,"minecraft:drop":139,"minecraft:play_time":136974,"minecraft:sneak_time":1512,"minecraft:walk_under_water_one_cm":889,"minecraft:jump":2036,"minecraft:walk_on_water_one_cm":9053,"minecraft:enchant_item":4,"minecraft:total_world_time":136974,"minecraft:interact_with_furnace":57,"minecraft:sleep_in_bed":1,"minecraft:time_since_rest":863,"minecraft:damage_taken":1408,"minecraft:damage_dealt":7517,"minecraft:swim_one_cm":3556,"minecraft:fly_one_cm":313963,"minecraft:open_chest":4,"minecraft:crouch_one_cm":5243,"minecraft:fall_one_cm":63735},"minecraft:picked_up":{"minecraft:crafting_table":18,"minecraft:enchanted_book":1,"minecraft:string":2,"minecraft:raw_copper":4,"minecraft:wooden_sword":1,"minecraft:item_frame":1,"minecraft:experience_bottle":1,"minecraft:cobbled_deepslate":851,"minecraft:beef":24,"minecraft:poppy":4,"minecraft:sugar_cane":6,"minecraft:furnace":3,"minecraft:egg":1,"minecraft:stick":26,"minecraft:raw_iron":43,"minecraft:torch":9,"minecraft:porkchop":22,"minecraft:pointed_dripstone":9,"minecraft:redstone":16,"minecraft:rotten_flesh":1,"create:veridium":16,"minecraft:gold_ingot":1,"minecraft:mutton":8,"minecraft:obsidian":10,"minecraft:cobblestone":311,"minecraft:white_wool":5,"minecraft:enchanting_table":3,"minecraft:glow_ink_sac":1,"minecraft:leather":18,"travelersbackpack:red_sleeping_bag":1,"minecraft:tuff":13,"create:raw_zinc":2,"minecraft:oak_log":25,"minecraft:lapis_lazuli":26,"minecraft:dirt":12,"minecraft:apple":2,"minecraft:wheat_seeds":7,"minecraft:raw_gold":8,"create_new_age:magnetite_block":1,"minecraft:iron_ingot":2,"minecraft:stone_pickaxe":2,"minecraft:acacia_sapling":3,"minecraft:red_wool":1,"minecraft:dripstone_block":1,"minecraft:gravel":1,"minecraft:sand":1,"travelersbackpack:standard":1,"minecraft:diamond":6,"minecraft:granite":1,"minecraft:oak_sapling":9,"minecraft:coal":58},"minecraft:broken":{"minecraft:wooden_pickaxe":1,"minecraft:stone_pickaxe":14,"minecraft:diamond_pickaxe":3,"minecraft:iron_pickaxe":7},"minecraft:dropped":{"minecraft:wheat_seeds":9,"minecraft:cooked_beef":8,"minecraft:diamond":3,"minecraft:dripstone_block":13,"minecraft:cobblestone":1474,"minecraft:leather":9,"minecraft:granite":79,"travelersbackpack:standard":2,"minecraft:dirt":73,"minecraft:torch":28,"minecraft:red_dye":3,"minecraft:smooth_basalt":39,"minecraft:gravel":19,"minecraft:stone_axe":1,"minecraft:cobbled_deepslate":3773,"minecraft:raw_copper":121,"minecraft:tuff":89,"minecraft:oak_button":14,"minecraft:stone_pickaxe":2},"minecraft:mined":{"create:zinc_ore":36,"create:deepslate_zinc_ore":108,"minecraft:tuff":79,"minecraft:deepslate_diamond_ore":15,"minecraft:obsidian":106,"minecraft:granite":118,"travelersbackpack:red_sleeping_bag":1,"minecraft:acacia_log":8,"minecraft:grass_block":40,"create_new_age:thorium_ore":14,"minecraft:furnace":9,"minecraft:cobbled_deepslate":4,"minecraft:iron_ore":35,"minecraft:andesite":39,"minecraft:deepslate_lapis_ore":21,"minecraft:enchanting_table":3,"minecraft:pointed_dripstone":21,"minecraft:deepslate_iron_ore":45,"minecraft:stone":3070,"create:veridium":220,"minecraft:deepslate_redstone_ore":18,"create_new_age:magnetite_block":19,"minecraft:crafting_table":18,"minecraft:torch":1,"minecraft:poppy":7,"minecraft:tall_grass":27,"minecraft:copper_ore":279,"minecraft:deepslate_gold_ore":51,"minecraft:lapis_ore":21,"minecraft:sugar_cane":2,"minecraft:sculk":39,"minecraft:wall_torch":2,"minecraft:grass":25,"minecraft:coal_ore":78,"minecraft:oak_log":29,"minecraft:sand":36,"minecraft:gravel":20,"minecraft:dripstone_block":16,"minecraft:dirt":46,"minecraft:smooth_basalt":39,"minecraft:oak_leaves":5,"minecraft:deepslate":5406},"minecraft:crafted":{"minecraft:oak_planks":40,"minecraft:furnace":5,"minecraft:cooked_mutton":8,"minecraft:glass":36,"minecraft:iron_axe":1,"minecraft:stone_pickaxe":15,"minecraft:chest":2,"minecraft:oak_button":14,"minecraft:cooked_beef":9,"minecraft:red_dye":7,"minecraft:cooked_porkchop":17,"minecraft:crafting_table":1,"minecraft:enchanting_table":1,"travelersbackpack:backpack_tank":4,"minecraft:wooden_pickaxe":1,"travelersbackpack:standard":2,"minecraft:red_wool":3,"minecraft:stone_axe":1,"minecraft:air":0,"travelersbackpack:red_sleeping_bag":2,"minecraft:book":1,"minecraft:paper":6,"minecraft:diamond_pickaxe":3,"minecraft:stick":68,"minecraft:iron_ingot":51,"minecraft:iron_pickaxe":7,"minecraft:gold_ingot":13,"minecraft:acacia_planks":32,"minecraft:torch":84}},"DataVersion":3465}