{"stats":{"minecraft:used":{"create:deployer":5,"minecraft:enchanting_table":3,"minecraft:acacia_log":7,"minecraft:flint_and_steel":2,"minecraft:oak_sign":3,"minecraft:chest":11,"minecraft:iron_sword":4,"minecraft:netherrack":76,"minecraft:torch":75,"minecraft:dirt":6,"create:mechanical_mixer":3,"create:cogwheel":9,"minecraft:acacia_sapling":4,"create:depot":2,"minecraft:tuff":2,"minecraft:obsidian":15,"minecraft:iron_hoe":79,"minecraft:lava_bucket":1,"create:wrench":25,"create:gearbox":2,"minecraft:iron_axe":400,"create_new_age:magnetite_block":3,"minecraft:iron_boots":2,"travelersbackpack:red_sleeping_bag":1,"minecraft:beef":3,"create:shaft":8,"minecraft:oak_sapling":3,"minecraft:furnace":13,"minecraft:cooked_beef":2,"minecraft:acacia_planks":1,"minecraft:cobbled_deepslate":205,"minecraft:iron_leggings":2,"minecraft:pointed_dripstone":2,"minecraft:wheat_seeds":2,"minecraft:stone_pickaxe":3091,"minecraft:oak_planks":2,"minecraft:wooden_pickaxe":101,"minecraft:sugar_cane":3,"create:encased_fan":1,"minecraft:crafting_table":26,"minecraft:dripstone_block":1,"minecraft:diamond_pickaxe":6287,"create:mechanical_press":2,"minecraft:bread":11,"minecraft:iron_pickaxe":2344,"create:water_wheel":3,"minecraft:gravel":1,"create:large_water_wheel":3,"minecraft:stone_axe":104,"create:basin":2,"travelersbackpack:standard":4,"minecraft:cobblestone":52,"minecraft:acacia_pressure_plate":3,"minecraft:cooked_porkchop":20,"minecraft:bucket":1,"create:vertical_gearbox":4,"create:large_cogwheel":6,"minecraft:experience_bottle":2},"minecraft:killed":{"minecraft:spider":3,"minecraft:skeleton":3,"minecraft:horse":11,"minecraft:pig":10,"minecraft:zombie_villager":1,"minecraft:iron_golem":1,"minecraft:creeper":1,"minecraft:sheep":6,"minecraft:zombie":5,"minecraft:ghast":1,"minecraft:cow":11},"minecraft:custom":{"minecraft:mob_kills":53,"minecraft:animals_bred":1,"minecraft:interact_with_crafting_table":81,"minecraft:eat_cake_slice":7,"minecraft:leave_game":3,"minecraft:time_since_death":72941,"minecraft:sprint_one_cm":290769,"minecraft:walk_one_cm":377774,"minecraft:drop":219,"minecraft:talked_to_villager":3,"minecraft:play_time":238974,"minecraft:deaths":1,"minecraft:sneak_time":3390,"minecraft:walk_under_water_one_cm":2483,"minecraft:jump":3177,"minecraft:walk_on_water_one_cm":18896,"minecraft:enchant_item":4,"minecraft:total_world_time":238974,"minecraft:interact_with_furnace":90,"minecraft:sleep_in_bed":7,"minecraft:time_since_rest":19986,"minecraft:damage_taken":2166,"minecraft:damage_dealt":8578,"minecraft:swim_one_cm":18494,"minecraft:fly_one_cm":574693,"minecraft:open_chest":80,"minecraft:crouch_one_cm":9974,"minecraft:fall_one_cm":102282},"minecraft:picked_up":{"minecraft:crafting_table":19,"create_new_age:thorium":10,"minecraft:wheat":187,"minecraft:lead":2,"minecraft:enchanted_book":3,"minecraft:string":4,"minecraft:iron_axe":1,"minecraft:raw_copper":324,"minecraft:wooden_sword":1,"minecraft:iron_leggings":1,"minecraft:armor_stand":1,"minecraft:item_frame":1,"minecraft:experience_bottle":2,"minecraft:oak_sign":1,"create:water_wheel":3,"minecraft:smooth_stone":53,"create:mechanical_press":1,"minecraft:cobbled_deepslate":851,"minecraft:bucket":1,"minecraft:beef":27,"minecraft:poppy":5,"minecraft:iron_pickaxe":1,"minecraft:sugar_cane":27,"minecraft:chest":1,"minecraft:iron_boots":1,"minecraft:furnace":4,"minecraft:egg":3,"minecraft:stick":44,"minecraft:raw_iron":111,"minecraft:stone":53,"minecraft:copper_ingot":706,"create:andesite_casing":1,"minecraft:torch":21,"minecraft:acacia_log":40,"minecraft:spruce_stairs":2,"minecraft:porkchop":22,"minecraft:pointed_dripstone":34,"minecraft:diorite":41,"minecraft:redstone":16,"create:zinc_ingot":144,"create:vertical_gearbox":2,"create:deployer":1,"minecraft:arrow":1,"minecraft:rotten_flesh":1,"minecraft:hay_block":14,"create:asurine":163,"create:depot":1,"create:veridium":16,"minecraft:gold_ingot":67,"minecraft:mutton":8,"minecraft:obsidian":84,"minecraft:cobblestone":519,"minecraft:white_wool":5,"minecraft:enchanting_table":4,"minecraft:leather_chestplate":2,"minecraft:glow_ink_sac":1,"minecraft:andesite":261,"minecraft:leather":18,"travelersbackpack:red_sleeping_bag":1,"minecraft:gunpowder":1,"minecraft:flint":2,"minecraft:tuff":13,"create:raw_zinc":2,"minecraft:oak_log":33,"minecraft:paper":3,"minecraft:lapis_lazuli":26,"minecraft:dirt":38,"minecraft:lantern":2,"minecraft:leather_boots":1,"minecraft:glass":39,"minecraft:bone":2,"minecraft:apple":4,"minecraft:wheat_seeds":18,"minecraft:raw_gold":8,"create_new_age:magnetite_block":1,"minecraft:iron_ingot":68,"minecraft:stone_pickaxe":7,"create:shaft":5,"minecraft:oak_planks":23,"minecraft:acacia_sapling":18,"minecraft:red_wool":1,"minecraft:dandelion":2,"minecraft:dripstone_block":1,"minecraft:gravel":3,"minecraft:sand":1,"create:gearbox":2,"minecraft:leather_helmet":2,"travelersbackpack:standard":2,"create:crimsite":128,"minecraft:diamond":6,"minecraft:granite":173,"minecraft:bread":9,"minecraft:oak_sapling":23,"minecraft:netherrack":6,"minecraft:coal":71},"minecraft:broken":{"minecraft:wooden_pickaxe":1,"minecraft:stone_pickaxe":21,"minecraft:diamond_pickaxe":3,"minecraft:iron_pickaxe":9},"minecraft:killed_by":{"minecraft:zombie":1},"minecraft:dropped":{"minecraft:enchanted_book":1,"minecraft:bread":6,"minecraft:wheat_seeds":18,"minecraft:cooked_beef":8,"minecraft:diamond":3,"minecraft:dripstone_block":13,"minecraft:iron_helmet":1,"minecraft:cobblestone":1664,"minecraft:leather":9,"minecraft:granite":327,"minecraft:spruce_stairs":1,"travelersbackpack:standard":2,"minecraft:leather_helmet":1,"minecraft:stick":2,"minecraft:flint":2,"minecraft:item_frame":1,"minecraft:dirt":135,"minecraft:diorite":40,"minecraft:torch":28,"minecraft:iron_leggings":1,"create:goggles":1,"minecraft:sand":39,"minecraft:red_dye":3,"minecraft:dandelion":1,"minecraft:gold_ingot":1,"create:raw_zinc":144,"minecraft:armor_stand":1,"minecraft:smooth_basalt":39,"minecraft:gravel":19,"minecraft:stone_axe":1,"minecraft:raw_iron":61,"minecraft:cobbled_deepslate":3773,"minecraft:raw_copper":1145,"minecraft:wheat":95,"minecraft:tuff":89,"minecraft:pointed_dripstone":25,"minecraft:iron_boots":1,"minecraft:oak_planks":5,"minecraft:oak_sign":1,"minecraft:leather_chestplate":1,"minecraft:hay_block":14,"minecraft:stone":53,"minecraft:oak_button":14,"minecraft:iron_chestplate":1,"minecraft:leather_boots":1,"minecraft:arrow":1,"minecraft:raw_gold":54,"minecraft:stone_pickaxe":6,"create:empty_blaze_burner":1,"minecraft:egg":1},"minecraft:mined":{"create:zinc_ore":36,"create:deepslate_zinc_ore":108,"minecraft:tuff":118,"minecraft:deepslate_diamond_ore":15,"create:andesite_casing":13,"minecraft:obsidian":106,"minecraft:granite":433,"travelersbackpack:red_sleeping_bag":1,"minecraft:acacia_log":60,"minecraft:grass_block":44,"create_new_age:thorium_ore":14,"create:depot":1,"minecraft:hay_block":39,"create:shaft":5,"minecraft:furnace":9,"minecraft:fire":3,"minecraft:cobbled_deepslate":4,"minecraft:iron_ore":42,"minecraft:acacia_wood":3,"minecraft:andesite":600,"minecraft:deepslate_lapis_ore":21,"minecraft:enchanting_table":3,"create:asurine":248,"minecraft:pointed_dripstone":21,"minecraft:deepslate_iron_ore":45,"create:mechanical_press":1,"minecraft:stone":3319,"create:veridium":220,"minecraft:deepslate_redstone_ore":18,"minecraft:soul_sand":39,"minecraft:dandelion":1,"create_new_age:magnetite_block":22,"travelersbackpack:standard":1,"minecraft:crafting_table":19,"minecraft:torch":2,"minecraft:poppy":7,"create:water_wheel":3,"minecraft:nether_quartz_ore":12,"minecraft:cobblestone":6,"minecraft:tall_grass":27,"minecraft:copper_ore":279,"minecraft:deepslate_gold_ore":51,"minecraft:lapis_ore":21,"minecraft:oak_planks":2,"minecraft:sugar_cane":12,"minecraft:sculk":39,"minecraft:diorite":41,"minecraft:wall_torch":4,"minecraft:spruce_stairs":1,"minecraft:wheat":2,"create:gearbox":4,"minecraft:grass":285,"minecraft:coal_ore":119,"minecraft:oak_log":39,"minecraft:sand":75,"minecraft:gravel":63,"minecraft:dripstone_block":16,"minecraft:dirt":85,"minecraft:smooth_basalt":39,"minecraft:netherrack":240,"minecraft:oak_leaves":5,"minecraft:deepslate":5406},"minecraft:crafted":{"minecraft:oak_planks":136,"minecraft:oak_sign":3,"create:wrench":1,"minecraft:acacia_pressure_plate":3,"minecraft:iron_nugget":189,"ad_astra:hammer":1,"minecraft:furnace":5,"minecraft:flint_and_steel":1,"minecraft:cooked_mutton":8,"create:vertical_gearbox":2,"minecraft:glass":36,"create:mechanical_press":1,"minecraft:iron_axe":1,"minecraft:iron_hoe":1,"minecraft:stone_pickaxe":31,"minecraft:chest":14,"minecraft:oak_button":14,"create:basin":1,"minecraft:wheat":344,"create:cogwheel":33,"minecraft:cooked_beef":9,"minecraft:red_dye":7,"create:depot":1,"create:andesite_alloy":77,"minecraft:iron_helmet":2,"minecraft:cooked_porkchop":19,"minecraft:crafting_table":7,"minecraft:enchanting_table":1,"create:mechanical_saw":1,"travelersbackpack:backpack_tank":4,"minecraft:wooden_pickaxe":2,"travelersbackpack:standard":2,"minecraft:iron_sword":1,"create:goggles":2,"create:large_water_wheel":3,"minecraft:red_wool":3,"minecraft:copper_ingot":248,"minecraft:stone_axe":1,"create:mechanical_mixer":1,"minecraft:bread":96,"minecraft:air":0,"travelersbackpack:red_sleeping_bag":2,"create:gearbox":2,"ad_astra:iron_plate":27,"create:encased_fan":1,"minecraft:iron_chestplate":2,"create:whisk":1,"minecraft:book":1,"create:water_wheel":3,"minecraft:paper":6,"minecraft:diamond_pickaxe":3,"minecraft:stick":104,"minecraft:iron_ingot":71,"minecraft:iron_pickaxe":10,"minecraft:iron_block":1,"minecraft:gold_ingot":13,"create:large_cogwheel":10,"create:propeller":1,"create:shaft":72,"minecraft:acacia_planks":204,"minecraft:torch":92,"create:empty_blaze_burner":3}},"DataVersion":3465}