{"stats":{"minecraft:used":{"create:deployer":6,"minecraft:polished_blackstone":63,"minecraft:oak_sign":3,"minecraft:chest":11,"minecraft:iron_sword":75,"minecraft:soul_sand":26,"create:cogwheel":17,"minecraft:acacia_sapling":27,"create:depot":2,"minecraft:tuff":2,"minecraft:obsidian":62,"minecraft:lava_bucket":1,"create_new_age:magnetite_block":3,"create:millstone":1,"travelersbackpack:red_sleeping_bag":1,"create:shaft":8,"minecraft:furnace":13,"minecraft:oak_sapling":14,"minecraft:diamond_boots":2,"minecraft:acacia_trapdoor":3,"minecraft:stone_pickaxe":3615,"minecraft:oak_planks":2,"minecraft:wooden_pickaxe":354,"minecraft:sugar_cane":3,"minecraft:dripstone_block":1,"minecraft:bread":43,"minecraft:lectern":1,"minecraft:gravel":16,"create:basin":3,"minecraft:smithing_table":1,"create:vertical_gearbox":4,"minecraft:golden_pickaxe":32,"minecraft:experience_bottle":2,"create:large_cogwheel":12,"minecraft:enchanting_table":3,"minecraft:acacia_log":7,"minecraft:flint_and_steel":3,"minecraft:netherrack":161,"minecraft:torch":75,"minecraft:dirt":16,"create:mechanical_mixer":4,"minecraft:diamond_helmet":1,"minecraft:iron_hoe":79,"create:wrench":32,"create:gearbox":2,"minecraft:iron_axe":833,"minecraft:iron_boots":2,"minecraft:beef":3,"minecraft:cooked_beef":2,"minecraft:cobbled_deepslate":205,"minecraft:acacia_planks":27,"minecraft:pointed_dripstone":2,"minecraft:iron_leggings":2,"minecraft:wheat_seeds":2,"minecraft:fletching_table":1,"create:blaze_burner":1,"minecraft:polished_blackstone_bricks":226,"create:encased_fan":1,"minecraft:crafting_table":31,"minecraft:diamond_pickaxe":6287,"create:mechanical_press":3,"minecraft:cracked_polished_blackstone_bricks":76,"minecraft:iron_pickaxe":3136,"create:water_wheel":3,"create:large_water_wheel":3,"minecraft:stone_axe":104,"minecraft:cobblestone":83,"travelersbackpack:standard":7,"minecraft:acacia_pressure_plate":3,"minecraft:cooked_porkchop":20,"minecraft:bucket":3,"minecraft:diamond_leggings":1},"minecraft:killed":{"minecraft:spider":4,"minecraft:skeleton":4,"minecraft:piglin_brute":2,"minecraft:magma_cube":2,"minecraft:piglin":6,"minecraft:pig":10,"minecraft:zombie_villager":1,"minecraft:iron_golem":1,"minecraft:creeper":1,"minecraft:sheep":6,"minecraft:zombie":5,"minecraft:ghast":1,"minecraft:cow":11,"minecraft:horse":12,"minecraft:hoglin":1},"minecraft:custom":{"minecraft:animals_bred":1,"minecraft:interact_with_crafting_table":108,"minecraft:eat_cake_slice":7,"minecraft:leave_game":3,"minecraft:time_since_death":69006,"minecraft:sprint_one_cm":424425,"minecraft:drop":258,"minecraft:talked_to_villager":49,"minecraft:play_time":310974,"minecraft:deaths":2,"minecraft:jump":4284,"minecraft:walk_on_water_one_cm":20201,"minecraft:enchant_item":4,"minecraft:interact_with_furnace":90,"minecraft:traded_with_villager":35,"minecraft:sleep_in_bed":9,"minecraft:damage_dealt":11631,"minecraft:crouch_one_cm":54316,"minecraft:mob_kills":68,"minecraft:walk_one_cm":504298,"minecraft:sneak_time":13186,"minecraft:walk_under_water_one_cm":2527,"minecraft:total_world_time":310974,"minecraft:time_since_rest":11274,"minecraft:damage_taken":3801,"minecraft:swim_one_cm":21543,"minecraft:fly_one_cm":775684,"minecraft:open_chest":125,"minecraft:fall_one_cm":130345},"minecraft:picked_up":{"minecraft:iron_chestplate":2,"minecraft:wheat":187,"minecraft:lead":2,"minecraft:enchanted_book":3,"minecraft:string":5,"minecraft:raw_copper":324,"minecraft:iron_leggings":3,"minecraft:armor_stand":1,"minecraft:experience_bottle":2,"minecraft:oak_sign":1,"create:water_wheel":3,"minecraft:diamond_leggings":1,"minecraft:cobbled_deepslate":851,"create:mechanical_press":1,"minecraft:smooth_stone":53,"minecraft:bucket":1,"minecraft:iron_pickaxe":1,"minecraft:furnace":4,"minecraft:iron_boots":2,"minecraft:stick":77,"create:mechanical_mixer":1,"minecraft:composter":1,"minecraft:torch":21,"minecraft:acacia_log":156,"create:andesite_casing":1,"minecraft:spruce_stairs":2,"minecraft:porkchop":22,"minecraft:pointed_dripstone":34,"minecraft:diorite":41,"create:large_cogwheel":1,"minecraft:rotten_flesh":1,"create:asurine":163,"create:veridium":16,"minecraft:obsidian":84,"minecraft:cod":4,"minecraft:cobblestone":616,"minecraft:enchanting_table":4,"minecraft:leather_chestplate":2,"minecraft:andesite":261,"minecraft:flint":2,"minecraft:tuff":13,"create:raw_zinc":2,"minecraft:dirt":70,"minecraft:lapis_lazuli":28,"minecraft:lantern":2,"minecraft:leather_boots":1,"minecraft:glass":39,"minecraft:bone":2,"minecraft:acacia_planks":1,"minecraft:wheat_seeds":22,"minecraft:raw_gold":8,"create_new_age:magnetite_block":1,"create:goggles":1,"create:shaft":5,"minecraft:diamond_helmet":2,"minecraft:oak_planks":23,"create:empty_blaze_burner":1,"minecraft:sand":1,"ad_astra:iron_plate":3,"create:crimsite":128,"minecraft:diamond":6,"minecraft:cracked_polished_blackstone_bricks":53,"minecraft:granite":173,"minecraft:bread":40,"minecraft:oak_sapling":41,"minecraft:netherrack":203,"minecraft:crafting_table":20,"create_new_age:thorium":10,"minecraft:wooden_sword":1,"minecraft:iron_axe":1,"minecraft:item_frame":1,"minecraft:blackstone":27,"minecraft:beef":27,"create:basin":1,"minecraft:iron_nugget":29,"minecraft:poppy":5,"minecraft:sugar_cane":27,"minecraft:chest":1,"minecraft:egg":5,"minecraft:raw_iron":111,"minecraft:stone":53,"minecraft:copper_ingot":770,"minecraft:polished_blackstone_bricks":3,"minecraft:redstone":16,"create:zinc_ingot":144,"create:vertical_gearbox":2,"create:deployer":1,"minecraft:arrow":1,"minecraft:stone_shovel":3,"minecraft:nether_bricks":1,"minecraft:diamond_boots":1,"minecraft:hay_block":15,"create:depot":1,"minecraft:gold_ingot":67,"minecraft:mutton":8,"minecraft:white_wool":5,"minecraft:glow_ink_sac":1,"minecraft:leather":18,"travelersbackpack:red_sleeping_bag":1,"minecraft:oak_log":76,"minecraft:gunpowder":1,"minecraft:paper":3,"minecraft:apple":5,"minecraft:iron_ingot":68,"minecraft:stone_pickaxe":14,"minecraft:iron_sword":2,"minecraft:soul_sand":39,"minecraft:acacia_sapling":49,"minecraft:red_wool":1,"minecraft:dandelion":2,"minecraft:dripstone_block":1,"minecraft:gravel":21,"create:gearbox":2,"minecraft:leather_helmet":2,"travelersbackpack:standard":2,"minecraft:iron_helmet":1,"minecraft:coal":71},"minecraft:broken":{"minecraft:stone_pickaxe":25,"minecraft:diamond_pickaxe":3,"minecraft:wooden_pickaxe":6,"minecraft:iron_pickaxe":12,"minecraft:golden_pickaxe":1},"minecraft:killed_by":{"minecraft:piglin_brute":1,"minecraft:zombie":1},"minecraft:dropped":{"minecraft:iron_sword":1,"minecraft:cooked_beef":8,"minecraft:diamond":3,"minecraft:leather":9,"travelersbackpack:standard":2,"minecraft:leather_helmet":1,"minecraft:item_frame":1,"minecraft:flint":2,"minecraft:dirt":135,"minecraft:sand":39,"create:goggles":1,"minecraft:gold_ingot":1,"minecraft:armor_stand":1,"minecraft:gravel":37,"minecraft:stone_axe":1,"minecraft:blackstone":1,"minecraft:cobbled_deepslate":3773,"minecraft:wheat":95,"minecraft:pointed_dripstone":25,"minecraft:oak_planks":5,"minecraft:leather_chestplate":1,"minecraft:leather_boots":1,"minecraft:arrow":1,"minecraft:netherrack":600,"minecraft:egg":1,"minecraft:enchanted_book":1,"minecraft:bread":57,"minecraft:wheat_seeds":18,"minecraft:polished_blackstone":1,"minecraft:dripstone_block":13,"minecraft:iron_helmet":1,"minecraft:cobblestone":1729,"minecraft:granite":327,"minecraft:copper_ingot":128,"minecraft:spruce_stairs":1,"minecraft:stick":10,"minecraft:diorite":40,"minecraft:torch":28,"minecraft:diamond_helmet":1,"minecraft:iron_leggings":1,"minecraft:red_dye":3,"create:raw_zinc":144,"minecraft:dandelion":1,"minecraft:smooth_basalt":39,"minecraft:raw_copper":1145,"minecraft:tuff":89,"minecraft:raw_iron":61,"minecraft:stone_shovel":13,"minecraft:iron_boots":1,"minecraft:oak_sign":1,"minecraft:hay_block":16,"minecraft:stone":53,"minecraft:oak_button":14,"create:zinc_ingot":64,"minecraft:iron_chestplate":1,"minecraft:stone_pickaxe":6,"minecraft:raw_gold":54,"create:empty_blaze_burner":1},"minecraft:mined":{"create:deepslate_zinc_ore":108,"create:andesite_casing":13,"minecraft:obsidian":106,"minecraft:granite":433,"travelersbackpack:red_sleeping_bag":1,"minecraft:acacia_log":220,"minecraft:grass_block":47,"minecraft:cracked_polished_blackstone_bricks":75,"minecraft:composter":2,"minecraft:polished_blackstone_bricks":258,"minecraft:glowstone":22,"minecraft:iron_ore":42,"minecraft:cobbled_deepslate":4,"minecraft:fire":21,"minecraft:deepslate_lapis_ore":21,"minecraft:enchanting_table":3,"create:asurine":248,"minecraft:pointed_dripstone":21,"create:veridium":220,"create:mechanical_press":1,"minecraft:deepslate_redstone_ore":18,"minecraft:blackstone":251,"minecraft:torch":2,"minecraft:poppy":7,"minecraft:nether_quartz_ore":12,"minecraft:cobblestone":6,"minecraft:sugar_cane":12,"minecraft:oak_planks":2,"minecraft:wall_torch":4,"minecraft:wheat":2,"minecraft:grass":548,"minecraft:oak_log":94,"minecraft:sand":75,"minecraft:dirt":86,"minecraft:smooth_basalt":39,"minecraft:netherrack":1236,"minecraft:oak_leaves":5,"minecraft:deepslate":5406,"create:zinc_ore":36,"minecraft:tuff":118,"minecraft:deepslate_diamond_ore":15,"minecraft:nether_bricks":2,"minecraft:crimson_roots":1,"create_new_age:thorium_ore":14,"create:depot":1,"minecraft:hay_block":41,"create:shaft":5,"minecraft:furnace":9,"minecraft:acacia_wood":3,"minecraft:andesite":600,"minecraft:gold_block":19,"minecraft:bookshelf":3,"minecraft:deepslate_iron_ore":45,"minecraft:warped_stem":11,"minecraft:stone":3319,"minecraft:soul_sand":39,"create_new_age:magnetite_block":22,"minecraft:dandelion":1,"travelersbackpack:standard":1,"minecraft:crafting_table":20,"minecraft:warped_roots":1,"create:water_wheel":3,"minecraft:copper_ore":279,"minecraft:tall_grass":44,"minecraft:lapis_ore":21,"minecraft:deepslate_gold_ore":51,"minecraft:sculk":39,"minecraft:diorite":41,"minecraft:spruce_stairs":1,"create:gearbox":4,"minecraft:coal_ore":119,"minecraft:gravel":98,"minecraft:dripstone_block":16,"minecraft:acacia_planks":1},"minecraft:crafted":{"minecraft:oak_planks":300,"minecraft:oak_sign":3,"minecraft:acacia_pressure_plate":3,"ad_astra:hammer":1,"minecraft:bookshelf":1,"minecraft:cooked_mutton":8,"minecraft:warped_planks":44,"create:vertical_gearbox":2,"minecraft:glass":36,"create:mechanical_press":1,"minecraft:polished_blackstone":64,"minecraft:chest":14,"minecraft:oak_button":14,"create:cogwheel":36,"create:depot":1,"minecraft:emerald":25,"minecraft:cooked_porkchop":19,"minecraft:crafting_table":11,"create:mechanical_saw":1,"minecraft:acacia_slab":6,"travelersbackpack:standard":2,"minecraft:wooden_pickaxe":6,"minecraft:iron_helmet":2,"minecraft:smithing_table":1,"minecraft:golden_pickaxe":1,"minecraft:red_wool":3,"minecraft:copper_ingot":248,"minecraft:fletching_table":1,"create:mechanical_mixer":1,"travelersbackpack:red_sleeping_bag":2,"create:gearbox":2,"ad_astra:iron_plate":27,"create:encased_fan":1,"minecraft:lectern":1,"minecraft:book":1,"minecraft:iron_chestplate":2,"minecraft:paper":6,"minecraft:diamond_pickaxe":3,"create:water_wheel":3,"minecraft:stick":936,"minecraft:iron_ingot":93,"minecraft:iron_pickaxe":13,"minecraft:iron_block":1,"minecraft:gold_ingot":22,"create:large_cogwheel":14,"create:propeller":1,"create:empty_blaze_burner":3,"minecraft:stone_shovel":10,"create:wrench":1,"minecraft:iron_nugget":189,"minecraft:furnace":5,"minecraft:flint_and_steel":1,"minecraft:iron_axe":2,"minecraft:iron_hoe":1,"create:millstone":1,"minecraft:stone_pickaxe":31,"create:basin":1,"minecraft:wheat":344,"minecraft:cooked_beef":9,"minecraft:red_dye":7,"create:andesite_alloy":77,"minecraft:enchanting_table":1,"travelersbackpack:backpack_tank":4,"minecraft:iron_sword":3,"minecraft:acacia_trapdoor":4,"create:goggles":2,"create:large_water_wheel":3,"minecraft:bucket":2,"minecraft:stone_axe":1,"minecraft:bread":96,"minecraft:air":0,"create:whisk":1,"create:shaft":72,"minecraft:acacia_planks":532,"minecraft:torch":92}},"DataVersion":3465}