{"stats":{"minecraft:used":{"minecraft:enchanting_table":3,"minecraft:oak_sign":3,"minecraft:chest":7,"minecraft:torch":69,"minecraft:dirt":6,"minecraft:acacia_sapling":3,"minecraft:tuff":2,"minecraft:lava_bucket":1,"minecraft:iron_axe":202,"create_new_age:magnetite_block":3,"minecraft:iron_boots":1,"travelersbackpack:red_sleeping_bag":1,"minecraft:beef":3,"minecraft:oak_sapling":3,"minecraft:furnace":13,"minecraft:cooked_beef":2,"minecraft:acacia_planks":1,"minecraft:cobbled_deepslate":205,"minecraft:iron_leggings":1,"minecraft:pointed_dripstone":2,"minecraft:stone_pickaxe":3091,"minecraft:oak_planks":2,"minecraft:wooden_pickaxe":59,"create:encased_fan":1,"minecraft:crafting_table":22,"minecraft:dripstone_block":1,"minecraft:diamond_pickaxe":6287,"minecraft:iron_pickaxe":2002,"create:water_wheel":1,"minecraft:stone_axe":104,"minecraft:cobblestone":35,"minecraft:acacia_pressure_plate":3,"minecraft:cooked_porkchop":20,"minecraft:bucket":1,"minecraft:experience_bottle":2},"minecraft:killed":{"minecraft:spider":3,"minecraft:skeleton":3,"minecraft:horse":11,"minecraft:pig":10,"minecraft:zombie_villager":1,"minecraft:creeper":1,"minecraft:sheep":6,"minecraft:zombie":4,"minecraft:cow":11},"minecraft:custom":{"minecraft:mob_kills":50,"minecraft:interact_with_crafting_table":46,"minecraft:leave_game":3,"minecraft:time_since_death":12941,"minecraft:sprint_one_cm":214108,"minecraft:walk_one_cm":269611,"minecraft:drop":167,"minecraft:play_time":178974,"minecraft:deaths":1,"minecraft:sneak_time":1579,"minecraft:walk_under_water_one_cm":1073,"minecraft:jump":2483,"minecraft:walk_on_water_one_cm":17311,"minecraft:enchant_item":4,"minecraft:total_world_time":178974,"minecraft:interact_with_furnace":78,"minecraft:sleep_in_bed":3,"minecraft:time_since_rest":2326,"minecraft:damage_taken":1836,"minecraft:damage_dealt":7617,"minecraft:swim_one_cm":15095,"minecraft:fly_one_cm":408527,"minecraft:open_chest":37,"minecraft:crouch_one_cm":5280,"minecraft:fall_one_cm":77950},"minecraft:picked_up":{"minecraft:crafting_table":18,"minecraft:enchanted_book":3,"minecraft:string":4,"minecraft:iron_axe":1,"minecraft:raw_copper":4,"minecraft:wooden_sword":1,"minecraft:iron_leggings":1,"minecraft:armor_stand":1,"minecraft:item_frame":1,"minecraft:experience_bottle":2,"minecraft:oak_sign":1,"create:water_wheel":1,"minecraft:cobbled_deepslate":851,"minecraft:bucket":1,"minecraft:beef":27,"minecraft:poppy":4,"minecraft:iron_pickaxe":1,"minecraft:sugar_cane":6,"minecraft:chest":1,"minecraft:iron_boots":1,"minecraft:furnace":4,"minecraft:egg":1,"minecraft:stick":32,"minecraft:raw_iron":50,"minecraft:copper_ingot":2,"minecraft:torch":19,"minecraft:acacia_log":10,"minecraft:spruce_stairs":2,"minecraft:porkchop":22,"minecraft:pointed_dripstone":34,"minecraft:diorite":41,"minecraft:redstone":16,"minecraft:arrow":1,"minecraft:rotten_flesh":1,"create:asurine":163,"create:veridium":16,"minecraft:gold_ingot":2,"minecraft:mutton":8,"minecraft:obsidian":84,"minecraft:cobblestone":516,"minecraft:white_wool":5,"minecraft:enchanting_table":4,"minecraft:leather_chestplate":2,"minecraft:glow_ink_sac":1,"minecraft:andesite":261,"minecraft:leather":18,"travelersbackpack:red_sleeping_bag":1,"minecraft:flint":2,"minecraft:tuff":13,"create:raw_zinc":2,"minecraft:oak_log":29,"minecraft:paper":3,"minecraft:lapis_lazuli":26,"minecraft:dirt":34,"minecraft:lantern":2,"minecraft:leather_boots":1,"minecraft:bone":2,"minecraft:apple":4,"minecraft:wheat_seeds":12,"minecraft:raw_gold":8,"create_new_age:magnetite_block":1,"minecraft:iron_ingot":3,"minecraft:stone_pickaxe":7,"minecraft:oak_planks":23,"minecraft:acacia_sapling":9,"minecraft:red_wool":1,"minecraft:dandelion":1,"minecraft:dripstone_block":1,"minecraft:gravel":1,"minecraft:sand":1,"minecraft:leather_helmet":2,"travelersbackpack:standard":2,"minecraft:diamond":6,"minecraft:granite":173,"minecraft:bread":9,"minecraft:oak_sapling":21,"minecraft:coal":71},"minecraft:broken":{"minecraft:wooden_pickaxe":1,"minecraft:stone_pickaxe":21,"minecraft:diamond_pickaxe":3,"minecraft:iron_pickaxe":8},"minecraft:killed_by":{"minecraft:zombie":1},"minecraft:dropped":{"minecraft:enchanted_book":1,"minecraft:wheat_seeds":18,"minecraft:cooked_beef":8,"minecraft:diamond":3,"minecraft:dripstone_block":13,"minecraft:cobblestone":1611,"minecraft:leather":9,"minecraft:granite":327,"minecraft:spruce_stairs":1,"travelersbackpack:standard":2,"minecraft:flint":2,"minecraft:item_frame":1,"minecraft:dirt":95,"minecraft:diorite":40,"minecraft:torch":28,"minecraft:red_dye":3,"minecraft:armor_stand":1,"minecraft:smooth_basalt":39,"minecraft:gravel":19,"minecraft:stone_axe":1,"minecraft:cobbled_deepslate":3773,"minecraft:raw_copper":121,"minecraft:tuff":89,"minecraft:pointed_dripstone":25,"minecraft:oak_planks":5,"minecraft:oak_sign":1,"minecraft:oak_button":14,"minecraft:leather_boots":1,"minecraft:stone_pickaxe":6},"minecraft:mined":{"create:zinc_ore":36,"create:deepslate_zinc_ore":108,"minecraft:tuff":118,"minecraft:deepslate_diamond_ore":15,"create:andesite_casing":6,"minecraft:obsidian":106,"minecraft:granite":433,"travelersbackpack:red_sleeping_bag":1,"minecraft:acacia_log":20,"minecraft:grass_block":40,"create_new_age:thorium_ore":14,"minecraft:furnace":9,"minecraft:cobbled_deepslate":4,"minecraft:iron_ore":42,"minecraft:acacia_wood":3,"minecraft:andesite":600,"minecraft:deepslate_lapis_ore":21,"minecraft:enchanting_table":3,"create:asurine":248,"minecraft:pointed_dripstone":21,"minecraft:deepslate_iron_ore":45,"minecraft:stone":3319,"create:veridium":220,"minecraft:deepslate_redstone_ore":18,"minecraft:dandelion":1,"create_new_age:magnetite_block":22,"travelersbackpack:standard":1,"minecraft:crafting_table":18,"minecraft:torch":1,"minecraft:poppy":7,"create:water_wheel":1,"minecraft:cobblestone":1,"minecraft:tall_grass":27,"minecraft:copper_ore":279,"minecraft:deepslate_gold_ore":51,"minecraft:lapis_ore":21,"minecraft:oak_planks":2,"minecraft:sugar_cane":2,"minecraft:sculk":39,"minecraft:diorite":41,"minecraft:wall_torch":3,"minecraft:spruce_stairs":1,"minecraft:grass":116,"minecraft:coal_ore":119,"minecraft:oak_log":34,"minecraft:sand":36,"minecraft:gravel":20,"minecraft:dripstone_block":16,"minecraft:dirt":46,"minecraft:smooth_basalt":39,"minecraft:oak_leaves":5,"minecraft:deepslate":5406},"minecraft:crafted":{"minecraft:oak_planks":136,"minecraft:oak_sign":3,"minecraft:acacia_pressure_plate":3,"minecraft:iron_nugget":162,"ad_astra:hammer":1,"minecraft:furnace":5,"minecraft:cooked_mutton":8,"minecraft:glass":36,"minecraft:iron_axe":1,"minecraft:stone_pickaxe":31,"minecraft:chest":10,"minecraft:oak_button":14,"create:cogwheel":4,"minecraft:cooked_beef":9,"minecraft:red_dye":7,"create:andesite_alloy":64,"minecraft:cooked_porkchop":19,"minecraft:crafting_table":4,"minecraft:enchanting_table":1,"travelersbackpack:backpack_tank":4,"minecraft:wooden_pickaxe":1,"travelersbackpack:standard":2,"minecraft:red_wool":3,"minecraft:copper_ingot":248,"minecraft:stone_axe":1,"minecraft:air":0,"travelersbackpack:red_sleeping_bag":2,"ad_astra:iron_plate":4,"create:encased_fan":1,"minecraft:book":1,"create:water_wheel":3,"minecraft:paper":6,"minecraft:diamond_pickaxe":3,"minecraft:stick":96,"minecraft:iron_ingot":64,"minecraft:iron_pickaxe":7,"minecraft:gold_ingot":13,"create:propeller":1,"create:shaft":32,"minecraft:acacia_planks":92,"minecraft:torch":92}},"DataVersion":3465}