{"stats":{"minecraft:used":{"minecraft:enchanting_table":2,"minecraft:stone_pickaxe":1834,"minecraft:wooden_pickaxe":59,"minecraft:torch":65,"minecraft:dirt":1,"minecraft:crafting_table":18,"minecraft:acacia_sapling":3,"minecraft:dripstone_block":1,"minecraft:tuff":2,"minecraft:diamond_pickaxe":6287,"minecraft:iron_axe":55,"minecraft:iron_pickaxe":1752,"minecraft:stone_axe":104,"travelersbackpack:red_sleeping_bag":1,"minecraft:cobblestone":31,"minecraft:beef":3,"minecraft:furnace":9,"minecraft:oak_sapling":3,"minecraft:cooked_porkchop":13,"minecraft:cooked_beef":2,"minecraft:cobbled_deepslate":196,"minecraft:acacia_planks":1,"minecraft:pointed_dripstone":2},"minecraft:killed":{"minecraft:pig":10,"minecraft:zombie_villager":1,"minecraft:spider":3,"minecraft:creeper":1,"minecraft:sheep":6,"minecraft:horse":4,"minecraft:skeleton":2,"minecraft:zombie":2,"minecraft:cow":9},"minecraft:custom":{"minecraft:interact_with_furnace":57,"minecraft:mob_kills":38,"minecraft:interact_with_crafting_table":33,"minecraft:leave_game":3,"minecraft:time_since_death":124974,"minecraft:time_since_rest":124974,"minecraft:sprint_one_cm":125729,"minecraft:damage_taken":1035,"minecraft:walk_one_cm":206833,"minecraft:drop":127,"minecraft:damage_dealt":5266,"minecraft:swim_one_cm":1264,"minecraft:fly_one_cm":256147,"minecraft:crouch_one_cm":5193,"minecraft:play_time":124974,"minecraft:sneak_time":1481,"minecraft:walk_under_water_one_cm":653,"minecraft:jump":1738,"minecraft:walk_on_water_one_cm":8117,"minecraft:enchant_item":4,"minecraft:total_world_time":124974,"minecraft:fall_one_cm":51638},"minecraft:picked_up":{"minecraft:crafting_table":18,"minecraft:glow_ink_sac":1,"minecraft:leather":11,"travelersbackpack:red_sleeping_bag":1,"minecraft:tuff":13,"create:raw_zinc":2,"minecraft:oak_log":9,"minecraft:string":2,"minecraft:lapis_lazuli":26,"minecraft:dirt":1,"minecraft:raw_copper":4,"minecraft:wooden_sword":1,"minecraft:wheat_seeds":7,"minecraft:cobbled_deepslate":851,"minecraft:raw_gold":8,"create_new_age:magnetite_block":1,"minecraft:beef":21,"minecraft:stone_pickaxe":2,"minecraft:poppy":4,"minecraft:sugar_cane":6,"minecraft:acacia_sapling":3,"minecraft:egg":1,"minecraft:furnace":3,"minecraft:stick":19,"minecraft:raw_iron":43,"minecraft:red_wool":1,"minecraft:torch":9,"minecraft:porkchop":22,"minecraft:dripstone_block":1,"minecraft:gravel":1,"minecraft:sand":1,"minecraft:pointed_dripstone":9,"minecraft:redstone":16,"travelersbackpack:standard":1,"minecraft:diamond":6,"minecraft:granite":1,"minecraft:obsidian":10,"create:veridium":16,"minecraft:oak_sapling":3,"minecraft:mutton":8,"minecraft:coal":58,"minecraft:white_wool":5,"minecraft:cobblestone":311,"minecraft:enchanting_table":2},"minecraft:broken":{"minecraft:stone_pickaxe":14,"minecraft:diamond_pickaxe":3,"minecraft:iron_pickaxe":7,"minecraft:wooden_pickaxe":1},"minecraft:dropped":{"minecraft:gravel":19,"minecraft:stone_axe":1,"minecraft:wheat_seeds":3,"minecraft:cooked_beef":5,"minecraft:cobbled_deepslate":3472,"minecraft:raw_copper":121,"minecraft:diamond":3,"minecraft:tuff":89,"minecraft:dripstone_block":13,"minecraft:cobblestone":1474,"minecraft:granite":79,"travelersbackpack:standard":2,"minecraft:oak_button":14,"minecraft:torch":28,"minecraft:red_dye":3,"minecraft:stone_pickaxe":2,"minecraft:smooth_basalt":39},"minecraft:mined":{"create:zinc_ore":36,"minecraft:deepslate_redstone_ore":18,"create:deepslate_zinc_ore":108,"minecraft:tuff":79,"minecraft:deepslate_diamond_ore":15,"create_new_age:magnetite_block":19,"minecraft:obsidian":106,"minecraft:crafting_table":18,"minecraft:torch":1,"minecraft:granite":118,"travelersbackpack:red_sleeping_bag":1,"minecraft:acacia_log":8,"minecraft:grass_block":1,"minecraft:poppy":7,"create_new_age:thorium_ore":14,"minecraft:copper_ore":279,"minecraft:tall_grass":23,"minecraft:lapis_ore":21,"minecraft:deepslate_gold_ore":51,"minecraft:sugar_cane":2,"minecraft:sculk":39,"minecraft:wall_torch":2,"minecraft:furnace":9,"minecraft:iron_ore":35,"minecraft:cobbled_deepslate":4,"minecraft:andesite":39,"minecraft:deepslate_lapis_ore":21,"minecraft:enchanting_table":2,"minecraft:grass":25,"minecraft:oak_log":10,"minecraft:pointed_dripstone":21,"minecraft:coal_ore":78,"minecraft:deepslate_iron_ore":45,"minecraft:dripstone_block":16,"minecraft:gravel":20,"minecraft:sand":36,"minecraft:dirt":7,"minecraft:smooth_basalt":39,"minecraft:stone":3070,"create:veridium":220,"minecraft:oak_leaves":5,"minecraft:deepslate":5406},"minecraft:crafted":{"minecraft:cooked_beef":9,"minecraft:red_dye":7,"minecraft:oak_planks":40,"minecraft:cooked_porkchop":17,"minecraft:crafting_table":1,"minecraft:enchanting_table":1,"travelersbackpack:backpack_tank":4,"minecraft:wooden_pickaxe":1,"travelersbackpack:standard":2,"minecraft:furnace":5,"minecraft:red_wool":3,"minecraft:stone_axe":1,"minecraft:cooked_mutton":8,"minecraft:air":0,"travelersbackpack:red_sleeping_bag":2,"minecraft:glass":36,"minecraft:book":1,"minecraft:paper":6,"minecraft:diamond_pickaxe":3,"minecraft:iron_axe":1,"minecraft:stick":68,"minecraft:iron_ingot":51,"minecraft:iron_pickaxe":7,"minecraft:stone_pickaxe":14,"minecraft:chest":2,"minecraft:gold_ingot":13,"minecraft:oak_button":14,"minecraft:acacia_planks":32,"minecraft:torch":84}},"DataVersion":3465}