{"stats":{"minecraft:used":{"create:deployer":10,"minecraft:spruce_slab":2,"minecraft:polished_blackstone":63,"minecraft:oak_sign":3,"minecraft:chest":14,"minecraft:iron_sword":143,"minecraft:bell":1,"minecraft:rotten_flesh":2,"create:mechanical_bearing":2,"create:fluid_tank":15,"minecraft:soul_sand":26,"create:cogwheel":51,"create:white_sail":25,"minecraft:acacia_sapling":78,"create:depot":4,"minecraft:tuff":2,"minecraft:obsidian":62,"minecraft:glass":1,"minecraft:lava_bucket":2,"extended_drawers:quad_drawer":2,"create_new_age:magnetite_block":3,"create:millstone":2,"minecraft:item_frame":1,"travelersbackpack:red_sleeping_bag":1,"create:rotation_speed_controller":4,"create:shaft":12,"minecraft:oak_sapling":60,"minecraft:furnace":13,"minecraft:egg":1,"minecraft:diamond_boots":2,"minecraft:stone_pickaxe":3615,"minecraft:acacia_trapdoor":3,"minecraft:oak_planks":67,"minecraft:wooden_pickaxe":354,"minecraft:sugar_cane":14,"create:mechanical_saw":3,"vs_eureka:acacia_ship_helm":3,"minecraft:dripstone_block":1,"minecraft:shears":3,"minecraft:string":1,"minecraft:bread":62,"minecraft:lectern":4,"minecraft:gravel":16,"create:basin":3,"minecraft:smithing_table":1,"create:vertical_gearbox":5,"minecraft:golden_pickaxe":32,"create:large_cogwheel":45,"minecraft:experience_bottle":3,"minecraft:oak_trapdoor":7,"extended_drawers:double_drawer":1,"minecraft:enchanting_table":3,"minecraft:acacia_log":11,"minecraft:flint_and_steel":6,"minecraft:netherrack":161,"minecraft:torch":223,"create:mechanical_pump":1,"minecraft:dirt":59,"create:mechanical_mixer":5,"minecraft:diamond_helmet":1,"minecraft:iron_hoe":79,"create:wrench":150,"create:gearbox":2,"minecraft:iron_axe":1003,"minecraft:acacia_slab":2,"minecraft:iron_boots":2,"minecraft:barrel":1,"minecraft:bamboo":1,"minecraft:beef":3,"create:radial_chassis":6,"minecraft:cooked_beef":2,"minecraft:acacia_planks":30,"minecraft:cobbled_deepslate":245,"create:belt_connector":2,"minecraft:iron_leggings":2,"minecraft:pointed_dripstone":2,"minecraft:wheat_seeds":2,"minecraft:fletching_table":14,"minecraft:polished_blackstone_bricks":226,"create:blaze_burner":1,"create:encased_fan":1,"minecraft:crafting_table":32,"minecraft:oak_slab":8,"minecraft:campfire":9,"minecraft:oak_log":45,"create:linear_chassis":12,"minecraft:diamond_pickaxe":6287,"minecraft:apple":26,"create:mechanical_press":6,"create:windmill_bearing":4,"minecraft:cracked_polished_blackstone_bricks":76,"mcwbridges:bridge_torch":2,"minecraft:iron_pickaxe":3184,"create:water_wheel":3,"create:large_water_wheel":4,"minecraft:stone_axe":1947,"vs_eureka:balloon":19,"farmersdelight:cooked_bacon":5,"minecraft:cobblestone":83,"travelersbackpack:standard":16,"minecraft:acacia_pressure_plate":3,"minecraft:porkchop":3,"minecraft:cooked_porkchop":25,"minecraft:bucket":8,"minecraft:kelp":41,"minecraft:diamond_leggings":1},"minecraft:killed":{"minecraft:spider":6,"minecraft:skeleton":4,"minecraft:piglin_brute":2,"minecraft:magma_cube":2,"minecraft:piglin":6,"minecraft:pig":12,"minecraft:zombie_villager":1,"minecraft:salmon":2,"minecraft:iron_golem":1,"minecraft:creeper":3,"minecraft:sheep":6,"minecraft:pillager":1,"minecraft:zombie":6,"minecraft:ghast":1,"minecraft:cow":15,"minecraft:horse":17,"minecraft:hoglin":1},"minecraft:custom":{"minecraft:animals_bred":1,"minecraft:interact_with_crafting_table":163,"minecraft:eat_cake_slice":7,"minecraft:leave_game":4,"minecraft:time_since_death":267274,"minecraft:sprint_one_cm":894045,"minecraft:drop":437,"minecraft:talked_to_villager":221,"minecraft:play_time":509242,"minecraft:deaths":2,"minecraft:jump":7503,"minecraft:walk_on_water_one_cm":38582,"minecraft:enchant_item":4,"minecraft:interact_with_furnace":90,"minecraft:traded_with_villager":169,"minecraft:sleep_in_bed":23,"minecraft:damage_dealt":14899,"minecraft:crouch_one_cm":63871,"minecraft:interact_with_smoker":4,"minecraft:mob_kills":87,"minecraft:climb_one_cm":25,"minecraft:walk_one_cm":781111,"minecraft:sneak_time":18224,"minecraft:walk_under_water_one_cm":10379,"minecraft:total_world_time":509242,"minecraft:time_since_rest":40390,"minecraft:damage_taken":5283,"minecraft:swim_one_cm":80007,"minecraft:fly_one_cm":1629813,"minecraft:open_chest":259,"minecraft:fall_one_cm":224462},"minecraft:picked_up":{"minecraft:iron_chestplate":2,"minecraft:wheat":188,"minecraft:yellow_wool":1,"minecraft:lead":2,"minecraft:enchanted_book":4,"minecraft:string":9,"minecraft:raw_copper":324,"minecraft:iron_leggings":3,"minecraft:armor_stand":1,"minecraft:experience_bottle":3,"minecraft:oak_sign":1,"create:water_wheel":3,"minecraft:diamond_leggings":1,"minecraft:smooth_stone":53,"create:mechanical_press":1,"minecraft:cobbled_deepslate":1348,"minecraft:bucket":1,"minecraft:rose_bush":4,"minecraft:iron_pickaxe":3,"minecraft:iron_boots":2,"minecraft:furnace":4,"minecraft:stick":348,"create:mechanical_mixer":1,"minecraft:composter":4,"minecraft:torch":23,"minecraft:acacia_log":342,"create:andesite_casing":1,"minecraft:spruce_stairs":2,"minecraft:porkchop":25,"minecraft:dried_kelp":17,"minecraft:pointed_dripstone":34,"minecraft:diorite":41,"extended_drawers:quad_drawer":1,"create:large_cogwheel":3,"minecraft:rotten_flesh":5,"create:asurine":163,"create:veridium":16,"minecraft:obsidian":84,"minecraft:cod":4,"minecraft:cobblestone":616,"minecraft:birch_log":14,"minecraft:enchanting_table":4,"minecraft:leather_chestplate":2,"minecraft:andesite":261,"create:belt_connector":1,"minecraft:flint":2,"minecraft:tuff":13,"create:raw_zinc":2,"minecraft:lantern":2,"minecraft:lapis_lazuli":28,"minecraft:dirt":77,"minecraft:leather_boots":1,"minecraft:glass":129,"minecraft:bone":2,"minecraft:acacia_planks":274,"minecraft:bow":2,"minecraft:wheat_seeds":53,"minecraft:raw_gold":8,"create_new_age:magnetite_block":1,"create:goggles":1,"minecraft:bamboo":9,"create:shaft":7,"minecraft:fletching_table":10,"minecraft:diamond_helmet":2,"create:super_glue":1,"minecraft:oak_planks":80,"create:cogwheel":2,"create:empty_blaze_burner":1,"minecraft:sand":3,"ad_astra:iron_plate":3,"create:crimsite":128,"minecraft:diamond":6,"minecraft:cracked_polished_blackstone_bricks":53,"minecraft:granite":173,"minecraft:emerald":176,"minecraft:bread":40,"minecraft:oak_sapling":220,"minecraft:netherrack":203,"minecraft:charcoal":51,"minecraft:crafting_table":20,"create_new_age:thorium":10,"minecraft:diamond_horse_armor":1,"minecraft:oak_trapdoor":8,"minecraft:iron_axe":1,"minecraft:wooden_sword":1,"minecraft:item_frame":2,"minecraft:iron_shovel":3,"minecraft:blackstone":27,"minecraft:beef":33,"create:basin":1,"minecraft:iron_nugget":33,"minecraft:poppy":10,"minecraft:spruce_slab":1,"minecraft:lectern":3,"minecraft:sugar_cane":41,"minecraft:chest":1,"minecraft:birch_sapling":8,"minecraft:egg":7,"extended_drawers:double_drawer":1,"minecraft:raw_iron":111,"minecraft:stone":53,"minecraft:copper_ingot":770,"minecraft:polished_blackstone_bricks":3,"minecraft:redstone":43,"create:brass_casing":1,"create:zinc_ingot":144,"create:vertical_gearbox":4,"create:deployer":1,"minecraft:arrow":1,"minecraft:stone_shovel":17,"vs_eureka:acacia_ship_helm":2,"minecraft:nether_bricks":1,"minecraft:diamond_boots":1,"minecraft:hay_block":16,"create:depot":2,"minecraft:saddle":1,"minecraft:gold_ingot":76,"minecraft:mutton":14,"minecraft:white_wool":22,"minecraft:glow_ink_sac":1,"minecraft:salmon":2,"minecraft:leather":34,"travelersbackpack:red_sleeping_bag":1,"minecraft:oak_log":518,"minecraft:gunpowder":2,"minecraft:paper":4,"minecraft:apple":31,"minecraft:kelp":22,"minecraft:iron_ingot":97,"vs_eureka:balloon":7,"minecraft:stone_pickaxe":14,"minecraft:iron_sword":2,"minecraft:acacia_sapling":120,"minecraft:soul_sand":39,"create:large_water_wheel":1,"minecraft:red_wool":1,"minecraft:dandelion":2,"minecraft:dripstone_block":1,"minecraft:gravel":29,"minecraft:spider_eye":1,"create:gearbox":2,"minecraft:leather_helmet":2,"travelersbackpack:standard":2,"minecraft:slime_ball":3,"minecraft:stone_axe":5,"minecraft:iron_helmet":1,"minecraft:acacia_slab":2,"minecraft:coal":71},"minecraft:broken":{"minecraft:stone_pickaxe":25,"minecraft:diamond_pickaxe":3,"minecraft:stone_axe":5,"minecraft:wooden_pickaxe":6,"minecraft:iron_pickaxe":12,"minecraft:golden_pickaxe":1},"minecraft:killed_by":{"minecraft:piglin_brute":1,"minecraft:zombie":1},"minecraft:dropped":{"minecraft:iron_sword":1,"create:super_glue":1,"minecraft:cooked_beef":8,"minecraft:oak_log":51,"minecraft:diamond":3,"minecraft:leather":9,"travelersbackpack:standard":2,"minecraft:leather_helmet":1,"minecraft:item_frame":1,"minecraft:flint":3,"minecraft:dirt":135,"create:goggles":2,"minecraft:sand":119,"minecraft:iron_pickaxe":5,"minecraft:white_wool":1,"minecraft:gold_ingot":1,"minecraft:armor_stand":1,"minecraft:gravel":118,"minecraft:stone_axe":13,"minecraft:blackstone":1,"minecraft:cobbled_deepslate":3901,"minecraft:wheat":96,"extended_drawers:double_drawer":1,"minecraft:pointed_dripstone":25,"minecraft:rotten_flesh":2,"minecraft:oak_planks":104,"minecraft:poppy":5,"minecraft:leather_chestplate":1,"minecraft:gunpowder":1,"minecraft:acacia_slab":26,"minecraft:leather_boots":1,"minecraft:acacia_sapling":1,"minecraft:spruce_slab":2,"minecraft:arrow":1,"minecraft:glass":98,"minecraft:netherrack":600,"minecraft:egg":1,"minecraft:enchanted_book":1,"minecraft:bread":65,"minecraft:oak_slab":64,"minecraft:wheat_seeds":91,"minecraft:polished_blackstone":1,"minecraft:dripstone_block":13,"minecraft:cobblestone":1729,"minecraft:iron_helmet":2,"minecraft:granite":327,"minecraft:copper_ingot":160,"minecraft:spruce_stairs":1,"minecraft:stick":270,"minecraft:diorite":40,"minecraft:torch":28,"minecraft:rose_bush":14,"minecraft:diamond_helmet":1,"minecraft:iron_leggings":3,"minecraft:red_dye":74,"minecraft:iron_axe":1,"minecraft:iron_shovel":13,"minecraft:paper":2,"minecraft:string":3,"minecraft:acacia_planks":464,"create:raw_zinc":144,"minecraft:smooth_basalt":39,"minecraft:dandelion":1,"minecraft:kelp":17,"minecraft:oak_trapdoor":8,"minecraft:raw_copper":1145,"minecraft:tuff":89,"minecraft:stone_shovel":76,"minecraft:raw_iron":80,"minecraft:iron_boots":1,"minecraft:oak_sign":1,"minecraft:hay_block":16,"minecraft:stone":53,"minecraft:oak_button":14,"create:zinc_ingot":96,"minecraft:diamond_pickaxe":1,"minecraft:iron_chestplate":2,"minecraft:oak_sapling":12,"minecraft:bamboo":6,"minecraft:stone_pickaxe":6,"minecraft:bow":8,"minecraft:raw_gold":54,"create:empty_blaze_burner":1},"minecraft:mined":{"create:deepslate_zinc_ore":108,"minecraft:oak_sapling":3,"create:andesite_casing":16,"minecraft:obsidian":106,"minecraft:granite":433,"travelersbackpack:red_sleeping_bag":1,"minecraft:acacia_log":460,"minecraft:grass_block":131,"extended_drawers:double_drawer":1,"minecraft:cracked_polished_blackstone_bricks":75,"minecraft:composter":10,"vs_eureka:acacia_ship_helm":2,"minecraft:polished_blackstone_bricks":258,"minecraft:tall_seagrass":4,"minecraft:glowstone":22,"minecraft:iron_ore":42,"minecraft:cobbled_deepslate":44,"minecraft:fire":21,"minecraft:deepslate_lapis_ore":21,"minecraft:fletching_table":10,"minecraft:enchanting_table":3,"create:asurine":248,"minecraft:pointed_dripstone":21,"create:veridium":220,"create:mechanical_press":1,"minecraft:spruce_slab":4,"minecraft:tripwire":1,"minecraft:deepslate_redstone_ore":18,"minecraft:blackstone":251,"minecraft:kelp_plant":21,"minecraft:torch":5,"minecraft:poppy":13,"minecraft:chest":2,"minecraft:dead_bush":1,"create:brass_casing":1,"minecraft:nether_quartz_ore":12,"minecraft:glass":1,"minecraft:cobblestone":6,"minecraft:oak_planks":20,"minecraft:sugar_cane":55,"minecraft:wall_torch":4,"vs_eureka:balloon":13,"minecraft:seagrass":1,"minecraft:acacia_sapling":6,"minecraft:yellow_wool":5,"minecraft:birch_log":17,"minecraft:wheat":2,"minecraft:grass":1355,"minecraft:oak_log":636,"minecraft:sand":156,"minecraft:dirt":206,"minecraft:smooth_basalt":39,"minecraft:netherrack":1236,"minecraft:oak_leaves":537,"minecraft:deepslate":5406,"create:zinc_ore":36,"minecraft:tuff":118,"minecraft:deepslate_diamond_ore":15,"minecraft:nether_bricks":2,"minecraft:crimson_roots":1,"create_new_age:thorium_ore":14,"create:depot":1,"minecraft:acacia_slab":2,"minecraft:kelp":32,"minecraft:hay_block":43,"create:shaft":5,"minecraft:oak_trapdoor":2,"minecraft:furnace":9,"minecraft:acacia_wood":3,"minecraft:andesite":600,"minecraft:gold_block":19,"minecraft:bookshelf":11,"minecraft:deepslate_iron_ore":45,"minecraft:warped_stem":11,"minecraft:bamboo":2,"minecraft:stone":3319,"minecraft:white_wool":20,"minecraft:oak_slab":4,"minecraft:glass_pane":12,"minecraft:soul_sand":39,"create_new_age:magnetite_block":22,"minecraft:dandelion":1,"travelersbackpack:standard":1,"minecraft:crafting_table":20,"minecraft:warped_roots":1,"minecraft:rose_bush":15,"minecraft:lectern":3,"create:water_wheel":3,"minecraft:copper_ore":279,"minecraft:tall_grass":75,"minecraft:deepslate_gold_ore":51,"minecraft:lapis_ore":21,"minecraft:sculk":39,"minecraft:diorite":41,"minecraft:spruce_stairs":1,"create:gearbox":4,"extended_drawers:quad_drawer":1,"minecraft:birch_leaves":78,"minecraft:coal_ore":119,"minecraft:cocoa":1,"minecraft:gravel":178,"minecraft:dripstone_block":16,"minecraft:acacia_planks":2,"minecraft:fern":3},"minecraft:crafted":{"minecraft:oak_planks":1608,"minecraft:barrel":48,"minecraft:oak_sign":3,"minecraft:acacia_pressure_plate":3,"ad_astra:hammer":1,"minecraft:diamond_shovel":3,"create:mechanical_bearing":1,"minecraft:bookshelf":1,"create:deployer":2,"minecraft:cooked_mutton":8,"create:radial_chassis":3,"minecraft:warped_planks":44,"create:vertical_gearbox":2,"create:rotation_speed_controller":1,"minecraft:glass":36,"minecraft:bow":8,"create:mechanical_press":1,"minecraft:polished_blackstone":64,"minecraft:chest":22,"minecraft:oak_button":14,"minecraft:acacia_fence":3,"create:cogwheel":41,"extended_drawers:double_drawer":1,"create:brass_hand":2,"create:depot":1,"minecraft:oak_slab":192,"create:rose_quartz":2,"minecraft:emerald":83,"minecraft:cooked_porkchop":24,"minecraft:crafting_table":12,"create:mechanical_saw":3,"minecraft:acacia_slab":36,"create:fluid_pipe":68,"minecraft:iron_helmet":2,"minecraft:wooden_pickaxe":6,"travelersbackpack:standard":2,"minecraft:smithing_table":1,"minecraft:golden_pickaxe":1,"minecraft:red_wool":3,"minecraft:copper_ingot":248,"create:sand_paper":1,"minecraft:fletching_table":6,"minecraft:campfire":10,"farmersdelight:wheat_dough":9,"create:mechanical_mixer":1,"travelersbackpack:red_sleeping_bag":2,"create:gearbox":2,"ad_astra:iron_plate":33,"create:encased_fan":1,"minecraft:lectern":1,"create:water_wheel":3,"minecraft:iron_chestplate":2,"minecraft:book":1,"minecraft:paper":12,"minecraft:diamond_pickaxe":4,"create:super_glue":1,"minecraft:stick":3281,"create:white_seat":1,"create:mechanical_pump":1,"minecraft:iron_ingot":93,"minecraft:iron_pickaxe":16,"minecraft:iron_block":1,"farmersdelight:cooked_bacon":5,"minecraft:gold_ingot":23,"create:large_cogwheel":15,"create:propeller":1,"minecraft:shears":2,"create:empty_blaze_burner":3,"minecraft:stone_shovel":59,"create:wrench":1,"minecraft:iron_nugget":207,"create:white_sail":12,"minecraft:furnace":5,"minecraft:bone_meal":6,"minecraft:oak_trapdoor":8,"minecraft:flint_and_steel":1,"travelersbackpack:white_sleeping_bag":1,"minecraft:iron_axe":2,"minecraft:iron_hoe":1,"minecraft:slime_ball":4,"create:millstone":1,"minecraft:lime_dye":4,"minecraft:stone_pickaxe":31,"create:fluid_tank":47,"create:basin":1,"create:electron_tube":2,"create:belt_connector":2,"create:windmill_bearing":1,"minecraft:wheat":362,"minecraft:cooked_beef":9,"minecraft:red_dye":7,"create:andesite_alloy":82,"minecraft:enchanting_table":1,"travelersbackpack:backpack_tank":6,"vs_eureka:balloon":6,"minecraft:iron_sword":3,"minecraft:bell":1,"minecraft:acacia_trapdoor":4,"create:goggles":3,"create:large_water_wheel":3,"mcwbridges:bridge_torch":2,"minecraft:bucket":4,"minecraft:stone_axe":22,"minecraft:air":0,"minecraft:bread":99,"create:whisk":1,"minecraft:gold_nugget":9,"minecraft:white_dye":6,"create:linear_chassis":15,"vs_eureka:acacia_ship_helm":1,"minecraft:iron_shovel":11,"extended_drawers:quad_drawer":1,"create:shaft":80,"minecraft:acacia_planks":1512,"minecraft:torch":240}},"DataVersion":3465}