{"stats":{"minecraft:broken":{"minecraft:wooden_pickaxe":1},"minecraft:crafted":{"minecraft:oak_planks":16,"minecraft:acacia_planks":32,"minecraft:torch":24,"minecraft:stone_axe":1,"minecraft:crafting_table":1,"minecraft:stick":12,"minecraft:wooden_pickaxe":1,"minecraft:stone_pickaxe":2},"minecraft:used":{"minecraft:stone_axe":4,"minecraft:torch":1,"minecraft:crafting_table":1,"minecraft:stone_pickaxe":79,"minecraft:wooden_pickaxe":59},"minecraft:mined":{"minecraft:grass":6,"minecraft:acacia_log":8,"minecraft:coal_ore":18,"minecraft:oak_log":4,"minecraft:copper_ore":38,"minecraft:tall_grass":2,"minecraft:stone":82,"minecraft:crafting_table":1,"minecraft:oak_leaves":5},"minecraft:custom":{"minecraft:time_since_rest":10161,"minecraft:play_time":10161,"minecraft:sprint_one_cm":9250,"minecraft:damage_taken":100,"minecraft:walk_one_cm":9822,"minecraft:jump":192,"minecraft:leave_game":1,"minecraft:time_since_death":10161,"minecraft:total_world_time":10161,"minecraft:interact_with_crafting_table":3,"minecraft:fall_one_cm":9090,"minecraft:fly_one_cm":40714},"minecraft:picked_up":{"minecraft:crafting_table":1,"minecraft:stick":4,"minecraft:wheat_seeds":1,"minecraft:oak_log":4,"minecraft:oak_sapling":2,"minecraft:acacia_sapling":3,"minecraft:cobblestone":4}},"DataVersion":3465}