{"stats":{"minecraft:used":{"minecraft:stone_pickaxe":1310,"minecraft:wooden_pickaxe":59,"minecraft:torch":27,"minecraft:dirt":1,"minecraft:crafting_table":7,"minecraft:acacia_sapling":3,"minecraft:dripstone_block":1,"minecraft:iron_axe":13,"minecraft:iron_pickaxe":253,"minecraft:stone_axe":95,"minecraft:cobblestone":14,"minecraft:oak_sapling":3,"minecraft:furnace":6,"minecraft:cooked_porkchop":8,"minecraft:acacia_planks":1,"minecraft:cobbled_deepslate":9,"minecraft:pointed_dripstone":2},"minecraft:killed":{"minecraft:pig":10,"minecraft:spider":1,"minecraft:creeper":1,"minecraft:horse":3,"minecraft:sheep":6,"minecraft:zombie":1,"minecraft:cow":5},"minecraft:custom":{"minecraft:interact_with_furnace":35,"minecraft:mob_kills":27,"minecraft:interact_with_crafting_table":15,"minecraft:leave_game":2,"minecraft:time_since_death":53816,"minecraft:time_since_rest":53816,"minecraft:sprint_one_cm":73265,"minecraft:damage_taken":490,"minecraft:walk_one_cm":80279,"minecraft:drop":31,"minecraft:damage_dealt":3341,"minecraft:swim_one_cm":282,"minecraft:fly_one_cm":164968,"minecraft:crouch_one_cm":1377,"minecraft:play_time":53816,"minecraft:sneak_time":439,"minecraft:walk_under_water_one_cm":231,"minecraft:jump":914,"minecraft:walk_on_water_one_cm":2934,"minecraft:total_world_time":53816,"minecraft:fall_one_cm":33923},"minecraft:picked_up":{"minecraft:crafting_table":6,"minecraft:leather":6,"minecraft:oak_log":9,"minecraft:lapis_lazuli":7,"minecraft:dirt":1,"minecraft:string":2,"minecraft:wheat_seeds":6,"minecraft:cobbled_deepslate":194,"minecraft:raw_gold":1,"minecraft:beef":12,"minecraft:stone_pickaxe":1,"minecraft:poppy":4,"minecraft:sugar_cane":3,"minecraft:acacia_sapling":3,"minecraft:egg":1,"minecraft:furnace":2,"minecraft:stick":7,"minecraft:raw_iron":39,"minecraft:red_wool":1,"minecraft:torch":5,"minecraft:dripstone_block":1,"minecraft:gravel":1,"minecraft:sand":1,"minecraft:porkchop":22,"minecraft:pointed_dripstone":2,"minecraft:granite":1,"create:veridium":1,"minecraft:oak_sapling":3,"minecraft:mutton":8,"minecraft:coal":51,"minecraft:white_wool":5,"minecraft:cobblestone":58},"minecraft:broken":{"minecraft:stone_pickaxe":10,"minecraft:iron_pickaxe":1,"minecraft:wooden_pickaxe":1},"minecraft:dropped":{"minecraft:gravel":1,"minecraft:wheat_seeds":3,"minecraft:cobbled_deepslate":543,"minecraft:cobblestone":593,"minecraft:granite":79,"minecraft:oak_button":14,"minecraft:red_dye":3,"minecraft:stone_pickaxe":1},"minecraft:mined":{"create:deepslate_zinc_ore":37,"create_new_age:magnetite_block":2,"minecraft:crafting_table":7,"minecraft:granite":79,"minecraft:acacia_log":8,"minecraft:grass_block":1,"minecraft:poppy":7,"create_new_age:thorium_ore":14,"minecraft:tall_grass":17,"minecraft:copper_ore":130,"minecraft:deepslate_gold_ore":13,"minecraft:lapis_ore":8,"minecraft:sugar_cane":1,"minecraft:wall_torch":2,"minecraft:furnace":2,"minecraft:iron_ore":22,"minecraft:cobbled_deepslate":2,"minecraft:andesite":39,"minecraft:deepslate_lapis_ore":17,"minecraft:grass":19,"minecraft:oak_log":10,"minecraft:pointed_dripstone":20,"minecraft:coal_ore":49,"minecraft:deepslate_iron_ore":36,"minecraft:sand":36,"minecraft:dripstone_block":2,"minecraft:dirt":1,"minecraft:stone":630,"create:veridium":12,"minecraft:deepslate":505,"minecraft:oak_leaves":5},"minecraft:crafted":{"minecraft:red_dye":7,"minecraft:oak_planks":40,"minecraft:cooked_porkchop":8,"minecraft:crafting_table":1,"travelersbackpack:backpack_tank":1,"minecraft:wooden_pickaxe":1,"minecraft:furnace":5,"minecraft:red_wool":3,"minecraft:stone_axe":1,"minecraft:air":0,"travelersbackpack:red_sleeping_bag":2,"minecraft:glass":12,"minecraft:iron_axe":1,"minecraft:stick":60,"minecraft:iron_ingot":44,"minecraft:iron_pickaxe":2,"minecraft:stone_pickaxe":10,"minecraft:gold_ingot":9,"minecraft:oak_button":14,"minecraft:acacia_planks":32,"minecraft:torch":24}},"DataVersion":3465}