{"stats":{"minecraft:used":{"minecraft:stone_pickaxe":1088,"minecraft:wooden_pickaxe":59,"minecraft:torch":20,"minecraft:crafting_table":6,"minecraft:acacia_sapling":3,"minecraft:dripstone_block":1,"minecraft:stone_axe":44,"minecraft:cobblestone":14,"minecraft:oak_sapling":3,"minecraft:furnace":1,"minecraft:cooked_porkchop":4},"minecraft:killed":{"minecraft:pig":8,"minecraft:sheep":5,"minecraft:cow":4},"minecraft:custom":{"minecraft:interact_with_furnace":4,"minecraft:mob_kills":17,"minecraft:interact_with_crafting_table":9,"minecraft:leave_game":2,"minecraft:time_since_death":29816,"minecraft:time_since_rest":29816,"minecraft:sprint_one_cm":42948,"minecraft:damage_taken":210,"minecraft:walk_one_cm":41211,"minecraft:drop":20,"minecraft:damage_dealt":1600,"minecraft:fly_one_cm":93434,"minecraft:crouch_one_cm":70,"minecraft:play_time":29816,"minecraft:sneak_time":25,"minecraft:walk_under_water_one_cm":216,"minecraft:jump":515,"minecraft:walk_on_water_one_cm":2061,"minecraft:total_world_time":29816,"minecraft:fall_one_cm":20308},"minecraft:picked_up":{"minecraft:crafting_table":6,"minecraft:leather":3,"minecraft:oak_log":9,"minecraft:wheat_seeds":6,"minecraft:cobbled_deepslate":163,"minecraft:beef":11,"minecraft:stone_pickaxe":1,"minecraft:sugar_cane":3,"minecraft:acacia_sapling":3,"minecraft:furnace":1,"minecraft:stick":7,"minecraft:torch":4,"minecraft:dripstone_block":1,"minecraft:gravel":1,"minecraft:porkchop":19,"minecraft:pointed_dripstone":1,"minecraft:granite":1,"create:veridium":1,"minecraft:oak_sapling":3,"minecraft:mutton":6,"minecraft:coal":11,"minecraft:white_wool":5,"minecraft:cobblestone":57},"minecraft:broken":{"minecraft:stone_pickaxe":8,"minecraft:wooden_pickaxe":1},"minecraft:dropped":{"minecraft:gravel":1,"minecraft:wheat_seeds":3,"minecraft:cobbled_deepslate":102,"minecraft:cobblestone":550,"minecraft:granite":79,"minecraft:oak_button":14,"minecraft:stone_pickaxe":1},"minecraft:mined":{"create_new_age:magnetite_block":2,"minecraft:crafting_table":6,"minecraft:granite":79,"minecraft:acacia_log":8,"create_new_age:thorium_ore":14,"minecraft:tall_grass":2,"minecraft:copper_ore":130,"minecraft:lapis_ore":8,"minecraft:sugar_cane":1,"minecraft:furnace":1,"minecraft:iron_ore":22,"minecraft:grass":13,"minecraft:oak_log":10,"minecraft:pointed_dripstone":19,"minecraft:coal_ore":48,"minecraft:deepslate_iron_ore":19,"minecraft:dripstone_block":1,"minecraft:stone":587,"create:veridium":12,"minecraft:deepslate":205,"minecraft:oak_leaves":5},"minecraft:crafted":{"minecraft:oak_planks":40,"minecraft:cooked_porkchop":8,"minecraft:crafting_table":1,"minecraft:wooden_pickaxe":1,"minecraft:furnace":1,"minecraft:stone_axe":1,"minecraft:air":0,"minecraft:stick":60,"minecraft:stone_pickaxe":10,"minecraft:oak_button":14,"minecraft:acacia_planks":32,"minecraft:torch":24}},"DataVersion":3465}