{"stats":{"minecraft:used":{"minecraft:stone_pickaxe":6322,"minecraft:wooden_pickaxe":60,"minecraft:iron_sword":26,"minecraft:torch":2,"minecraft:dirt":3,"minecraft:mutton":2,"minecraft:crafting_table":5,"minecraft:acacia_sapling":7,"minecraft:tuff":4,"minecraft:diamond_pickaxe":212,"minecraft:brown_wool":1,"minecraft:iron_pickaxe":250,"minecraft:cobblestone":11,"travelersbackpack:standard":3,"minecraft:egg":1,"minecraft:cooked_beef":5,"minecraft:cobbled_deepslate":68},"minecraft:killed":{"minecraft:creeper":1,"minecraft:sheep":1,"minecraft:skeleton":2,"minecraft:zombie":3},"minecraft:custom":{"minecraft:interact_with_furnace":3,"minecraft:mob_kills":7,"minecraft:interact_with_crafting_table":14,"minecraft:time_since_death":98831,"minecraft:time_since_rest":98831,"minecraft:sprint_one_cm":33321,"minecraft:damage_taken":555,"minecraft:walk_one_cm":169154,"minecraft:drop":105,"minecraft:damage_dealt":1192,"minecraft:fly_one_cm":9274,"minecraft:crouch_one_cm":254,"minecraft:play_time":98831,"minecraft:sneak_time":324,"minecraft:walk_under_water_one_cm":2468,"minecraft:jump":371,"minecraft:walk_on_water_one_cm":5305,"minecraft:total_world_time":98831,"minecraft:fall_one_cm":4430},"minecraft:picked_up":{"minecraft:crafting_table":2,"minecraft:cooked_beef":5,"minecraft:glow_ink_sac":5,"minecraft:andesite":41,"minecraft:brown_wool":1,"minecraft:tuff":50,"minecraft:oak_log":5,"minecraft:gunpowder":1,"minecraft:lapis_lazuli":12,"minecraft:dirt":3,"minecraft:raw_copper":168,"minecraft:cobbled_deepslate":1246,"minecraft:raw_gold":2,"minecraft:stone_pickaxe":7,"minecraft:acacia_sapling":7,"minecraft:egg":1,"minecraft:stick":2,"minecraft:raw_iron":2,"minecraft:torch":28,"minecraft:acacia_log":17,"minecraft:dripstone_block":22,"travelersbackpack:standard":2,"minecraft:diamond":10,"minecraft:oak_sapling":1,"minecraft:mutton":2,"minecraft:cobblestone":576},"minecraft:broken":{"minecraft:stone_pickaxe":47,"minecraft:iron_pickaxe":1,"minecraft:wooden_pickaxe":1},"minecraft:dropped":{"minecraft:glow_ink_sac":5,"minecraft:cobbled_deepslate":3506,"minecraft:raw_copper":6,"minecraft:crafting_table":1,"minecraft:dripstone_block":22,"minecraft:tuff":245,"minecraft:cobblestone":502,"create:crimsite":28,"minecraft:stick":2,"minecraft:gunpowder":1,"minecraft:wooden_axe":1,"minecraft:andesite":41,"minecraft:oak_sapling":1,"minecraft:wooden_sword":2,"minecraft:stone_pickaxe":8},"minecraft:mined":{"minecraft:tuff":340,"minecraft:acacia_leaves":2,"minecraft:deepslate_diamond_ore":38,"travelersbackpack:standard":1,"minecraft:crafting_table":2,"minecraft:acacia_log":18,"minecraft:copper_ore":14,"minecraft:deepslate_gold_ore":16,"minecraft:lapis_ore":2,"minecraft:cobbled_deepslate":2,"minecraft:andesite":2,"minecraft:deepslate_lapis_ore":3,"minecraft:grass":1,"minecraft:oak_log":5,"minecraft:deepslate_iron_ore":10,"minecraft:gravel":78,"minecraft:dripstone_block":39,"minecraft:dirt":2,"minecraft:stone":12,"create:veridium":57,"create:crimsite":156,"minecraft:deepslate":6062},"minecraft:crafted":{"minecraft:wooden_sword":1,"minecraft:oak_planks":20,"minecraft:crafting_table":4,"minecraft:wooden_pickaxe":1,"minecraft:iron_sword":1,"minecraft:diamond_pickaxe":1,"minecraft:stick":128,"minecraft:iron_ingot":5,"minecraft:iron_pickaxe":1,"minecraft:stone_pickaxe":49,"minecraft:wooden_axe":1,"minecraft:acacia_planks":68}},"DataVersion":3465}