{"stats":{"minecraft:used":{"minecraft:iron_sword":72,"minecraft:netherrack":21,"minecraft:torch":5,"minecraft:dirt":4,"minecraft:mutton":2,"minecraft:acacia_sapling":7,"minecraft:tuff":4,"minecraft:iron_helmet":1,"minecraft:egg":2,"minecraft:cooked_beef":8,"minecraft:cobbled_deepslate":71,"minecraft:iron_leggings":1,"minecraft:wheat_seeds":1,"minecraft:stone_pickaxe":6935,"minecraft:wooden_pickaxe":60,"minecraft:crafting_table":5,"minecraft:diamond_pickaxe":904,"minecraft:melon_slice":17,"minecraft:brown_wool":1,"minecraft:iron_pickaxe":500,"minecraft:golden_leggings":1,"minecraft:cobblestone":19,"travelersbackpack:standard":3,"minecraft:experience_bottle":1},"minecraft:killed":{"minecraft:cave_spider":1,"minecraft:skeleton":4,"minecraft:creeper":1,"minecraft:sheep":1,"minecraft:zombie":4,"minecraft:cow":2},"minecraft:custom":{"minecraft:interact_with_smithing_table":1,"minecraft:mob_kills":13,"minecraft:interact_with_crafting_table":18,"minecraft:open_barrel":1,"minecraft:leave_game":1,"minecraft:time_since_death":1852,"minecraft:sprint_one_cm":112714,"minecraft:walk_one_cm":460572,"minecraft:drop":160,"minecraft:play_time":200418,"minecraft:deaths":1,"minecraft:sneak_time":1515,"minecraft:walk_under_water_one_cm":8915,"minecraft:jump":808,"minecraft:walk_on_water_one_cm":16747,"minecraft:total_world_time":200418,"minecraft:interact_with_furnace":5,"minecraft:sleep_in_bed":5,"minecraft:time_since_rest":1886,"minecraft:damage_taken":1181,"minecraft:damage_dealt":2452,"minecraft:swim_one_cm":980,"minecraft:fly_one_cm":37615,"minecraft:open_chest":19,"minecraft:crouch_one_cm":3081,"minecraft:fall_one_cm":10923},"minecraft:picked_up":{"minecraft:iron_chestplate":2,"minecraft:crafting_table":3,"create_new_age:thorium":1,"minecraft:wheat":2,"minecraft:string":1,"minecraft:raw_copper":168,"minecraft:iron_leggings":2,"minecraft:experience_bottle":1,"minecraft:cobbled_deepslate":1247,"minecraft:beef":3,"minecraft:melon_slice":53,"minecraft:iron_boots":2,"minecraft:egg":2,"minecraft:raw_iron":65,"minecraft:stick":2,"minecraft:torch":55,"minecraft:acacia_log":17,"minecraft:pointed_dripstone":2,"minecraft:stone_sword":1,"minecraft:saddle":1,"create:veridium":56,"minecraft:gold_ingot":7,"minecraft:mutton":2,"minecraft:cod":6,"minecraft:cobblestone":747,"minecraft:leather_chestplate":1,"minecraft:cooked_beef":11,"minecraft:glow_ink_sac":5,"minecraft:andesite":41,"minecraft:salmon":1,"minecraft:brown_wool":1,"minecraft:leather":1,"minecraft:golden_leggings":2,"minecraft:tuff":50,"minecraft:oak_log":5,"minecraft:yellow_bed":1,"minecraft:gunpowder":1,"minecraft:lapis_lazuli":24,"minecraft:dirt":4,"minecraft:cooked_mutton":2,"minecraft:bone":3,"minecraft:apple":2,"minecraft:wheat_seeds":5,"minecraft:raw_gold":2,"minecraft:iron_ingot":4,"minecraft:stone_pickaxe":15,"create:goggles":2,"minecraft:iron_sword":2,"minecraft:acacia_sapling":9,"minecraft:quartz":13,"create:empty_blaze_burner":2,"minecraft:dripstone_block":26,"minecraft:spider_eye":1,"minecraft:leather_helmet":1,"travelersbackpack:standard":2,"minecraft:diamond":10,"minecraft:iron_helmet":2,"minecraft:granite":1,"minecraft:bread":45,"minecraft:oak_sapling":1,"minecraft:netherrack":359,"minecraft:diamond_pickaxe":1},"minecraft:broken":{"minecraft:wooden_pickaxe":1,"minecraft:stone_pickaxe":51,"minecraft:iron_pickaxe":2},"minecraft:dropped":{"minecraft:wheat_seeds":3,"minecraft:glow_ink_sac":5,"minecraft:crafting_table":1,"minecraft:dripstone_block":26,"minecraft:cobblestone":1396,"minecraft:leather":1,"minecraft:granite":1,"create:crimsite":156,"minecraft:leather_helmet":1,"minecraft:stick":2,"minecraft:wooden_axe":1,"minecraft:wooden_sword":2,"minecraft:string":1,"minecraft:bone":3,"create_new_age:thorium":10,"minecraft:cobbled_deepslate":4374,"minecraft:raw_copper":6,"minecraft:tuff":258,"minecraft:wheat":1,"minecraft:pointed_dripstone":2,"minecraft:raw_iron":122,"minecraft:leather_chestplate":1,"minecraft:gunpowder":1,"minecraft:andesite":41,"minecraft:acacia_sapling":2,"minecraft:oak_sapling":1,"minecraft:spider_eye":1,"minecraft:stone_pickaxe":8,"minecraft:raw_gold":6},"minecraft:mined":{"minecraft:tuff":340,"minecraft:deepslate_diamond_ore":38,"minecraft:acacia_log":18,"minecraft:grass_block":1,"create_new_age:thorium_ore":2,"minecraft:iron_ore":57,"minecraft:cobbled_deepslate":2,"minecraft:andesite":2,"minecraft:deepslate_lapis_ore":3,"minecraft:deepslate_iron_ore":14,"minecraft:stone":1100,"create:veridium":57,"minecraft:acacia_leaves":2,"travelersbackpack:standard":1,"minecraft:crafting_table":3,"minecraft:melon":7,"minecraft:copper_ore":14,"minecraft:nether_quartz_ore":13,"minecraft:tall_grass":4,"minecraft:deepslate_gold_ore":19,"farmersdelight:wild_tomatoes":1,"minecraft:lapis_ore":7,"minecraft:wall_torch":2,"minecraft:wheat":1,"minecraft:yellow_bed":1,"minecraft:grass":11,"minecraft:oak_log":5,"minecraft:dripstone_block":39,"minecraft:gravel":78,"minecraft:dirt":2,"minecraft:netherrack":379,"minecraft:gold_ore":3,"create:crimsite":156,"minecraft:deepslate":6063},"minecraft:crafted":{"minecraft:wooden_sword":1,"minecraft:oak_planks":20,"minecraft:stone_pickaxe":59,"minecraft:cooked_beef":3,"minecraft:crafting_table":4,"minecraft:wooden_pickaxe":1,"minecraft:iron_sword":1,"minecraft:diamond_pickaxe":1,"minecraft:stick":128,"minecraft:iron_ingot":5,"minecraft:iron_pickaxe":1,"minecraft:wooden_axe":1,"minecraft:acacia_planks":68}},"DataVersion":3465}