{"stats":{"minecraft:used":{"minecraft:dirt":3,"minecraft:crafting_table":3,"minecraft:acacia_sapling":7,"minecraft:wooden_pickaxe":3},"minecraft:custom":{"minecraft:crouch_one_cm":12,"minecraft:time_since_rest":26831,"minecraft:interact_with_furnace":3,"minecraft:play_time":26831,"minecraft:sprint_one_cm":9559,"minecraft:walk_one_cm":27232,"minecraft:sneak_time":3,"minecraft:drop":1,"minecraft:jump":98,"minecraft:time_since_death":26831,"minecraft:total_world_time":26831,"minecraft:fall_one_cm":745,"minecraft:interact_with_crafting_table":6,"minecraft:fly_one_cm":2653},"minecraft:picked_up":{"minecraft:stick":2,"minecraft:crafting_table":1,"minecraft:andesite":39,"minecraft:acacia_log":17,"minecraft:oak_log":5,"minecraft:oak_sapling":1,"minecraft:acacia_sapling":7,"minecraft:dirt":3,"minecraft:cobblestone":44},"minecraft:dropped":{"minecraft:oak_sapling":1},"minecraft:mined":{"minecraft:grass":1,"minecraft:acacia_log":18,"minecraft:oak_log":5,"minecraft:acacia_leaves":2,"minecraft:dirt":2,"minecraft:stone":2,"minecraft:crafting_table":1},"minecraft:crafted":{"minecraft:iron_sword":1,"minecraft:wooden_sword":1,"minecraft:oak_planks":20,"minecraft:crafting_table":2,"minecraft:iron_pickaxe":1,"minecraft:stick":8,"minecraft:iron_ingot":5,"minecraft:wooden_pickaxe":1,"minecraft:wooden_axe":1}},"DataVersion":3465}