{"stats":{"minecraft:used":{"minecraft:iron_sword":109,"minecraft:netherrack":46,"minecraft:torch":5,"minecraft:dirt":4,"minecraft:mutton":2,"minecraft:diamond_helmet":1,"minecraft:acacia_sapling":7,"minecraft:tuff":4,"minecraft:iron_helmet":1,"minecraft:diamond_chestplate":1,"minecraft:egg":2,"minecraft:cooked_beef":8,"minecraft:cobbled_deepslate":71,"minecraft:iron_leggings":1,"minecraft:wheat_seeds":1,"minecraft:diamond_boots":1,"minecraft:stone_pickaxe":7067,"minecraft:wooden_pickaxe":60,"minecraft:crafting_table":5,"minecraft:diamond_pickaxe":960,"minecraft:bread":11,"minecraft:melon_slice":17,"minecraft:brown_wool":1,"minecraft:iron_pickaxe":500,"minecraft:golden_leggings":2,"minecraft:cobblestone":19,"travelersbackpack:standard":3,"minecraft:diamond_leggings":1,"minecraft:experience_bottle":1},"minecraft:killed":{"minecraft:cave_spider":1,"minecraft:skeleton":5,"minecraft:piglin_brute":1,"minecraft:piglin":5,"minecraft:creeper":1,"minecraft:sheep":1,"minecraft:zombie":4,"minecraft:cow":2},"minecraft:custom":{"minecraft:interact_with_smithing_table":1,"minecraft:mob_kills":21,"minecraft:interact_with_crafting_table":22,"minecraft:open_barrel":1,"minecraft:leave_game":1,"minecraft:time_since_death":22437,"minecraft:sprint_one_cm":158356,"minecraft:walk_one_cm":546784,"minecraft:drop":170,"minecraft:play_time":224418,"minecraft:deaths":2,"minecraft:sneak_time":2050,"minecraft:walk_under_water_one_cm":8915,"minecraft:jump":1028,"minecraft:walk_on_water_one_cm":17101,"minecraft:total_world_time":224418,"minecraft:interact_with_furnace":5,"minecraft:sleep_in_bed":5,"minecraft:time_since_rest":22461,"minecraft:damage_taken":1993,"minecraft:damage_dealt":4230,"minecraft:swim_one_cm":980,"minecraft:fly_one_cm":50750,"minecraft:open_chest":30,"minecraft:crouch_one_cm":4297,"minecraft:fall_one_cm":13882},"minecraft:picked_up":{"minecraft:iron_chestplate":4,"minecraft:crafting_table":3,"create_new_age:thorium":1,"minecraft:wheat":2,"minecraft:string":1,"minecraft:raw_copper":168,"minecraft:iron_leggings":3,"minecraft:experience_bottle":1,"minecraft:blackstone":232,"minecraft:cobbled_deepslate":1247,"minecraft:beef":3,"minecraft:melon_slice":71,"minecraft:sugar_cane":18,"minecraft:iron_boots":3,"minecraft:egg":2,"minecraft:raw_iron":65,"minecraft:stick":12,"minecraft:torch":81,"minecraft:acacia_log":17,"minecraft:porkchop":2,"minecraft:polished_blackstone_bricks":32,"minecraft:pointed_dripstone":2,"minecraft:stone_sword":1,"minecraft:saddle":1,"create:veridium":112,"minecraft:gold_ingot":14,"minecraft:mutton":2,"minecraft:cod":6,"minecraft:cobblestone":842,"minecraft:leather_chestplate":1,"minecraft:cooked_beef":14,"minecraft:glow_ink_sac":5,"minecraft:andesite":41,"minecraft:salmon":1,"minecraft:brown_wool":1,"minecraft:leather":1,"minecraft:golden_leggings":3,"minecraft:tuff":50,"minecraft:oak_log":5,"minecraft:yellow_bed":1,"minecraft:gunpowder":2,"minecraft:lapis_lazuli":24,"minecraft:dirt":7,"minecraft:cooked_mutton":3,"minecraft:bone":3,"minecraft:acacia_planks":17,"minecraft:apple":3,"minecraft:wheat_seeds":6,"minecraft:raw_gold":2,"minecraft:iron_ingot":4,"minecraft:stone_pickaxe":15,"create:goggles":3,"minecraft:iron_sword":4,"minecraft:acacia_sapling":9,"minecraft:quartz":38,"create:empty_blaze_burner":5,"minecraft:dripstone_block":26,"minecraft:spider_eye":1,"minecraft:leather_helmet":1,"ad_astra:iron_plate":3,"travelersbackpack:standard":2,"minecraft:diamond":10,"minecraft:cracked_polished_blackstone_bricks":1,"minecraft:iron_helmet":4,"minecraft:granite":1,"minecraft:bread":139,"minecraft:oak_sapling":1,"minecraft:netherrack":1112,"minecraft:diamond_pickaxe":2},"minecraft:broken":{"minecraft:wooden_pickaxe":1,"minecraft:stone_pickaxe":52,"minecraft:iron_pickaxe":2},"minecraft:killed_by":{"minecraft:piglin_brute":1},"minecraft:dropped":{"minecraft:bread":31,"minecraft:wheat_seeds":3,"minecraft:glow_ink_sac":5,"minecraft:crafting_table":1,"minecraft:dripstone_block":26,"minecraft:diamond_leggings":1,"minecraft:iron_helmet":1,"minecraft:cobblestone":1396,"minecraft:leather":1,"minecraft:granite":1,"create:crimsite":156,"minecraft:leather_helmet":1,"minecraft:stick":2,"ad_astra:iron_plate":3,"minecraft:wooden_axe":1,"minecraft:diamond_helmet":1,"minecraft:iron_leggings":1,"minecraft:wooden_sword":2,"minecraft:string":1,"minecraft:bone":3,"create_new_age:thorium":10,"minecraft:cobbled_deepslate":4374,"minecraft:raw_copper":6,"minecraft:tuff":258,"minecraft:wheat":1,"minecraft:pointed_dripstone":2,"minecraft:raw_iron":122,"minecraft:leather_chestplate":1,"minecraft:gunpowder":1,"minecraft:iron_chestplate":2,"minecraft:andesite":41,"minecraft:acacia_sapling":2,"minecraft:oak_sapling":1,"minecraft:spider_eye":1,"minecraft:diamond_boots":1,"minecraft:stone_pickaxe":8,"minecraft:raw_gold":6,"create:empty_blaze_burner":1},"minecraft:mined":{"minecraft:tuff":340,"minecraft:deepslate_diamond_ore":38,"minecraft:acacia_log":18,"minecraft:grass_block":1,"minecraft:cracked_polished_blackstone_bricks":1,"create_new_age:thorium_ore":2,"minecraft:polished_blackstone_bricks":40,"minecraft:iron_ore":57,"minecraft:fire":6,"minecraft:cobbled_deepslate":2,"minecraft:andesite":2,"minecraft:deepslate_lapis_ore":3,"minecraft:deepslate_iron_ore":14,"minecraft:stone":1100,"create:veridium":57,"minecraft:acacia_leaves":2,"minecraft:blackstone":91,"travelersbackpack:standard":1,"minecraft:crafting_table":3,"minecraft:melon":7,"minecraft:copper_ore":14,"minecraft:nether_quartz_ore":13,"minecraft:tall_grass":4,"minecraft:deepslate_gold_ore":19,"farmersdelight:wild_tomatoes":1,"minecraft:lapis_ore":7,"minecraft:wall_torch":2,"minecraft:wheat":1,"minecraft:yellow_bed":1,"minecraft:grass":11,"minecraft:oak_log":5,"minecraft:dripstone_block":39,"minecraft:gravel":78,"minecraft:dirt":2,"minecraft:netherrack":435,"minecraft:gold_ore":3,"create:crimsite":156,"minecraft:deepslate":6063},"minecraft:crafted":{"minecraft:wooden_sword":1,"minecraft:oak_planks":20,"minecraft:diamond_helmet":2,"minecraft:diamond_leggings":2,"minecraft:stone_pickaxe":59,"minecraft:diamond_boots":2,"minecraft:cooked_beef":3,"minecraft:crafting_table":4,"minecraft:wooden_pickaxe":1,"minecraft:iron_sword":1,"minecraft:diamond_pickaxe":1,"minecraft:stick":128,"minecraft:iron_ingot":5,"minecraft:iron_pickaxe":1,"minecraft:wooden_axe":1,"minecraft:acacia_planks":68,"minecraft:diamond_chestplate":1}},"DataVersion":3465}