{"stats":{"minecraft:used":{"minecraft:brown_wool":1,"minecraft:iron_pickaxe":68,"minecraft:wooden_pickaxe":60,"minecraft:iron_sword":6,"minecraft:cobblestone":9,"minecraft:dirt":3,"minecraft:mutton":2,"travelersbackpack:standard":3,"minecraft:crafting_table":3,"minecraft:acacia_sapling":7,"minecraft:egg":1,"minecraft:cooked_beef":1},"minecraft:killed":{"minecraft:sheep":1,"minecraft:zombie":1},"minecraft:custom":{"minecraft:time_since_rest":50831,"minecraft:interact_with_furnace":3,"minecraft:sprint_one_cm":12987,"minecraft:damage_taken":70,"minecraft:walk_one_cm":64823,"minecraft:mob_kills":2,"minecraft:drop":21,"minecraft:damage_dealt":280,"minecraft:interact_with_crafting_table":6,"minecraft:fly_one_cm":3756,"minecraft:crouch_one_cm":112,"minecraft:play_time":50831,"minecraft:sneak_time":125,"minecraft:walk_under_water_one_cm":1371,"minecraft:jump":135,"minecraft:time_since_death":50831,"minecraft:walk_on_water_one_cm":2045,"minecraft:total_world_time":50831,"minecraft:fall_one_cm":1624},"minecraft:picked_up":{"minecraft:stick":2,"minecraft:crafting_table":1,"minecraft:cooked_beef":5,"minecraft:andesite":41,"minecraft:brown_wool":1,"minecraft:torch":28,"minecraft:acacia_log":17,"minecraft:tuff":1,"minecraft:oak_log":5,"minecraft:lapis_lazuli":12,"minecraft:dirt":3,"minecraft:raw_copper":168,"travelersbackpack:standard":2,"minecraft:oak_sapling":1,"minecraft:mutton":2,"minecraft:acacia_sapling":7,"minecraft:cobblestone":576,"minecraft:egg":1},"minecraft:broken":{"minecraft:wooden_pickaxe":1},"minecraft:dropped":{"minecraft:raw_copper":6,"minecraft:oak_sapling":1,"minecraft:cobblestone":502},"minecraft:mined":{"minecraft:tuff":40,"minecraft:acacia_leaves":2,"minecraft:andesite":2,"travelersbackpack:standard":1,"minecraft:crafting_table":1,"minecraft:grass":1,"minecraft:acacia_log":18,"minecraft:oak_log":5,"minecraft:dirt":2,"minecraft:copper_ore":14,"minecraft:lapis_ore":2,"minecraft:stone":12,"create:veridium":57},"minecraft:crafted":{"minecraft:wooden_sword":1,"minecraft:oak_planks":20,"minecraft:crafting_table":2,"minecraft:stick":8,"minecraft:wooden_pickaxe":1,"minecraft:iron_ingot":5,"minecraft:iron_pickaxe":1,"minecraft:wooden_axe":1,"minecraft:iron_sword":1}},"DataVersion":3465}