{"stats":{"minecraft:used":{"minecraft:stone_pickaxe":6543,"minecraft:wooden_pickaxe":60,"minecraft:iron_sword":69,"minecraft:torch":5,"minecraft:dirt":4,"minecraft:mutton":2,"minecraft:crafting_table":5,"minecraft:acacia_sapling":7,"minecraft:tuff":4,"minecraft:diamond_pickaxe":904,"minecraft:melon_slice":12,"minecraft:brown_wool":1,"minecraft:iron_pickaxe":500,"minecraft:cobblestone":16,"travelersbackpack:standard":3,"minecraft:egg":2,"minecraft:cooked_beef":8,"minecraft:cobbled_deepslate":71,"minecraft:experience_bottle":1},"minecraft:killed":{"minecraft:cave_spider":1,"minecraft:creeper":1,"minecraft:sheep":1,"minecraft:skeleton":4,"minecraft:zombie":4,"minecraft:cow":2},"minecraft:custom":{"minecraft:interact_with_furnace":5,"minecraft:mob_kills":13,"minecraft:interact_with_crafting_table":15,"minecraft:leave_game":1,"minecraft:time_since_death":176418,"minecraft:sleep_in_bed":4,"minecraft:time_since_rest":10097,"minecraft:sprint_one_cm":64623,"minecraft:damage_taken":937,"minecraft:walk_one_cm":367786,"minecraft:drop":133,"minecraft:damage_dealt":2334,"minecraft:swim_one_cm":980,"minecraft:fly_one_cm":24737,"minecraft:open_chest":11,"minecraft:crouch_one_cm":1007,"minecraft:play_time":176418,"minecraft:sneak_time":517,"minecraft:walk_under_water_one_cm":4298,"minecraft:jump":620,"minecraft:walk_on_water_one_cm":9224,"minecraft:total_world_time":176418,"minecraft:fall_one_cm":9505},"minecraft:picked_up":{"create_new_age:thorium":1,"minecraft:leather_chestplate":1,"minecraft:crafting_table":2,"minecraft:cooked_beef":8,"minecraft:glow_ink_sac":5,"minecraft:andesite":41,"minecraft:leather":1,"minecraft:brown_wool":1,"minecraft:tuff":50,"minecraft:oak_log":5,"minecraft:gunpowder":1,"minecraft:lapis_lazuli":21,"minecraft:string":1,"minecraft:dirt":4,"minecraft:raw_copper":168,"minecraft:iron_leggings":1,"minecraft:cooked_mutton":1,"minecraft:bone":3,"minecraft:experience_bottle":1,"minecraft:wheat_seeds":2,"minecraft:cobbled_deepslate":1247,"minecraft:raw_gold":2,"minecraft:iron_ingot":1,"minecraft:beef":3,"minecraft:stone_pickaxe":7,"create:goggles":1,"minecraft:melon_slice":31,"minecraft:acacia_sapling":9,"minecraft:iron_boots":1,"minecraft:egg":2,"minecraft:stick":2,"minecraft:raw_iron":4,"minecraft:torch":30,"minecraft:acacia_log":17,"minecraft:dripstone_block":26,"minecraft:pointed_dripstone":2,"minecraft:leather_helmet":1,"minecraft:spider_eye":1,"travelersbackpack:standard":2,"minecraft:stone_sword":1,"minecraft:diamond":10,"minecraft:granite":1,"minecraft:bread":6,"minecraft:gold_ingot":1,"minecraft:oak_sapling":1,"minecraft:mutton":2,"minecraft:cobblestone":588},"minecraft:broken":{"minecraft:stone_pickaxe":49,"minecraft:iron_pickaxe":2,"minecraft:wooden_pickaxe":1},"minecraft:dropped":{"minecraft:wheat_seeds":1,"minecraft:glow_ink_sac":5,"minecraft:cobbled_deepslate":4309,"minecraft:raw_copper":6,"minecraft:crafting_table":1,"minecraft:tuff":258,"minecraft:dripstone_block":22,"minecraft:pointed_dripstone":2,"minecraft:cobblestone":577,"minecraft:leather":1,"minecraft:granite":1,"create:crimsite":28,"minecraft:stick":2,"minecraft:gunpowder":1,"minecraft:wooden_axe":1,"minecraft:andesite":41,"minecraft:oak_sapling":1,"minecraft:acacia_sapling":2,"minecraft:wooden_sword":2,"minecraft:spider_eye":1,"minecraft:stone_pickaxe":8,"minecraft:string":1,"minecraft:bone":3},"minecraft:mined":{"minecraft:tuff":340,"minecraft:acacia_leaves":2,"minecraft:deepslate_diamond_ore":38,"travelersbackpack:standard":1,"minecraft:crafting_table":2,"minecraft:acacia_log":18,"minecraft:grass_block":1,"minecraft:melon":6,"create_new_age:thorium_ore":2,"minecraft:tall_grass":4,"minecraft:copper_ore":14,"minecraft:lapis_ore":7,"farmersdelight:wild_tomatoes":1,"minecraft:deepslate_gold_ore":19,"minecraft:wall_torch":2,"minecraft:iron_ore":57,"minecraft:cobbled_deepslate":2,"minecraft:andesite":2,"minecraft:deepslate_lapis_ore":3,"minecraft:grass":11,"minecraft:oak_log":5,"minecraft:deepslate_iron_ore":14,"minecraft:gravel":78,"minecraft:dripstone_block":39,"minecraft:dirt":2,"minecraft:stone":1100,"minecraft:gold_ore":3,"create:veridium":57,"create:crimsite":156,"minecraft:deepslate":6063},"minecraft:crafted":{"minecraft:cooked_beef":3,"minecraft:wooden_sword":1,"minecraft:oak_planks":20,"minecraft:crafting_table":4,"minecraft:wooden_pickaxe":1,"minecraft:iron_sword":1,"minecraft:diamond_pickaxe":1,"minecraft:stick":128,"minecraft:iron_ingot":5,"minecraft:iron_pickaxe":1,"minecraft:stone_pickaxe":49,"minecraft:wooden_axe":1,"minecraft:acacia_planks":68}},"DataVersion":3465}