{"stats":{"minecraft:used":{"minecraft:iron_sword":141,"minecraft:netherrack":281,"minecraft:torch":12,"minecraft:dirt":9,"minecraft:mutton":2,"minecraft:diamond_helmet":1,"minecraft:acacia_sapling":68,"minecraft:tuff":4,"minecraft:iron_axe":469,"minecraft:iron_helmet":1,"minecraft:diamond_chestplate":1,"minecraft:deepslate_diamond_ore":31,"minecraft:oak_sapling":52,"minecraft:egg":2,"minecraft:cooked_beef":8,"minecraft:cobbled_deepslate":130,"minecraft:iron_leggings":1,"minecraft:wheat_seeds":1,"minecraft:iron_ore":4,"minecraft:water_bucket":20,"minecraft:diamond_boots":1,"minecraft:stone_pickaxe":12740,"minecraft:wooden_pickaxe":60,"create:blaze_burner":1,"minecraft:crafting_table":9,"minecraft:diamond_pickaxe":1633,"minecraft:apple":2,"minecraft:deepslate_iron_ore":34,"minecraft:bread":41,"minecraft:melon_slice":17,"minecraft:brown_wool":1,"minecraft:iron_pickaxe":583,"minecraft:golden_leggings":2,"minecraft:cobblestone":86,"travelersbackpack:standard":3,"minecraft:bucket":21,"minecraft:yellow_bed":6,"minecraft:diamond_leggings":1,"minecraft:experience_bottle":2},"minecraft:killed":{"minecraft:cave_spider":1,"minecraft:skeleton":7,"minecraft:piglin_brute":1,"minecraft:piglin":5,"minecraft:creeper":1,"minecraft:sheep":1,"minecraft:trader_llama":1,"minecraft:zombie":6,"minecraft:wither_skeleton":1,"minecraft:cow":2},"minecraft:custom":{"minecraft:interact_with_smithing_table":1,"minecraft:mob_kills":27,"minecraft:interact_with_crafting_table":34,"minecraft:open_barrel":1,"minecraft:leave_game":1,"minecraft:time_since_death":154437,"minecraft:sprint_one_cm":481380,"minecraft:walk_one_cm":831335,"minecraft:drop":266,"minecraft:talked_to_villager":63,"minecraft:play_time":356418,"minecraft:deaths":2,"minecraft:sneak_time":7566,"minecraft:walk_under_water_one_cm":22728,"minecraft:jump":2179,"minecraft:walk_on_water_one_cm":40995,"minecraft:total_world_time":356418,"minecraft:interact_with_furnace":6,"minecraft:traded_with_villager":169,"minecraft:sleep_in_bed":12,"minecraft:time_since_rest":498,"minecraft:damage_taken":2870,"minecraft:damage_dealt":5826,"minecraft:swim_one_cm":47089,"minecraft:fly_one_cm":239149,"minecraft:open_chest":71,"minecraft:crouch_one_cm":23082,"minecraft:inspect_dispenser":1,"minecraft:fall_one_cm":42675},"minecraft:picked_up":{"minecraft:iron_chestplate":4,"minecraft:crafting_table":7,"create_new_age:thorium":1,"minecraft:wheat":2,"minecraft:string":1,"minecraft:iron_axe":1,"minecraft:raw_copper":168,"minecraft:iron_leggings":3,"minecraft:iron_shovel":6,"minecraft:experience_bottle":2,"minecraft:blackstone":246,"minecraft:cobbled_deepslate":2443,"minecraft:deepslate_diamond_ore":9,"minecraft:beef":3,"minecraft:iron_pickaxe":3,"minecraft:melon_slice":71,"minecraft:sugar_cane":18,"minecraft:deepslate_iron_ore":4,"minecraft:iron_boots":3,"minecraft:egg":2,"minecraft:raw_iron":66,"minecraft:stick":344,"minecraft:torch":82,"minecraft:acacia_log":264,"minecraft:porkchop":2,"minecraft:polished_blackstone_bricks":32,"minecraft:pointed_dripstone":2,"minecraft:diorite":34,"minecraft:stone_sword":1,"minecraft:arrow":4,"minecraft:rotten_flesh":1,"minecraft:saddle":1,"create:veridium":112,"minecraft:gold_ingot":14,"minecraft:mutton":2,"minecraft:cod":6,"minecraft:cobblestone":885,"minecraft:magma_block":1,"minecraft:leather_chestplate":1,"minecraft:basalt":61,"minecraft:cooked_beef":14,"minecraft:glow_ink_sac":5,"minecraft:andesite":41,"minecraft:salmon":1,"minecraft:brown_wool":1,"minecraft:leather":2,"minecraft:golden_leggings":3,"minecraft:tuff":59,"minecraft:oak_log":122,"minecraft:yellow_bed":6,"minecraft:gunpowder":2,"minecraft:lapis_lazuli":32,"minecraft:dirt":12,"minecraft:cooked_mutton":3,"minecraft:bone":5,"minecraft:acacia_planks":249,"minecraft:apple":8,"minecraft:bow":1,"minecraft:wheat_seeds":10,"minecraft:raw_gold":2,"minecraft:iron_ingot":86,"minecraft:stone_pickaxe":16,"minecraft:iron_ore":4,"create:goggles":3,"minecraft:oak_planks":42,"minecraft:iron_sword":4,"minecraft:acacia_sapling":76,"minecraft:smooth_basalt":1,"minecraft:quartz":38,"create:empty_blaze_burner":5,"minecraft:dripstone_block":30,"minecraft:spider_eye":1,"minecraft:leather_helmet":1,"ad_astra:iron_plate":3,"travelersbackpack:standard":2,"minecraft:diamond":10,"minecraft:cracked_polished_blackstone_bricks":1,"minecraft:iron_helmet":4,"minecraft:granite":1,"minecraft:emerald":1,"minecraft:warped_roots":1,"minecraft:bread":139,"minecraft:oak_sapling":53,"minecraft:netherrack":1195,"minecraft:diamond_pickaxe":4},"minecraft:broken":{"minecraft:wooden_pickaxe":1,"minecraft:stone_pickaxe":95,"minecraft:diamond_pickaxe":1,"minecraft:iron_axe":2,"minecraft:iron_pickaxe":2},"minecraft:killed_by":{"minecraft:piglin_brute":1},"minecraft:dropped":{"minecraft:bread":31,"minecraft:porkchop":2,"minecraft:wheat_seeds":7,"minecraft:glow_ink_sac":5,"minecraft:crafting_table":1,"minecraft:dripstone_block":26,"minecraft:diamond_leggings":1,"minecraft:iron_helmet":1,"minecraft:cobblestone":1531,"minecraft:warped_roots":1,"minecraft:apple":2,"minecraft:leather":2,"minecraft:granite":1,"create:crimsite":156,"minecraft:leather_helmet":1,"minecraft:emerald":171,"minecraft:stick":2,"minecraft:diorite":240,"ad_astra:iron_plate":3,"minecraft:wooden_axe":1,"minecraft:diamond_helmet":1,"minecraft:iron_leggings":1,"minecraft:wooden_sword":2,"minecraft:polished_blackstone_bricks":40,"minecraft:iron_shovel":1,"minecraft:string":1,"minecraft:smooth_basalt":1,"minecraft:bone":5,"create_new_age:thorium":10,"minecraft:blackstone":53,"minecraft:cobbled_deepslate":7218,"minecraft:raw_copper":6,"minecraft:tuff":258,"minecraft:wheat":1,"minecraft:pointed_dripstone":2,"minecraft:raw_iron":202,"minecraft:rotten_flesh":1,"minecraft:leather_chestplate":1,"minecraft:gunpowder":1,"minecraft:diamond_pickaxe":1,"minecraft:iron_chestplate":2,"minecraft:andesite":41,"minecraft:acacia_sapling":8,"minecraft:oak_sapling":1,"minecraft:spider_eye":1,"minecraft:diamond_boots":1,"minecraft:arrow":2,"minecraft:basalt":61,"minecraft:bow":1,"minecraft:stone_pickaxe":9,"minecraft:raw_gold":6,"minecraft:magma_block":1,"minecraft:netherrack":428,"create:empty_blaze_burner":1},"minecraft:mined":{"minecraft:tuff":361,"minecraft:deepslate_diamond_ore":102,"minecraft:acacia_log":289,"minecraft:grass_block":1,"minecraft:cracked_polished_blackstone_bricks":1,"create_new_age:thorium_ore":2,"minecraft:polished_blackstone_bricks":40,"minecraft:magma_block":1,"minecraft:iron_ore":73,"minecraft:fire":6,"minecraft:cobbled_deepslate":2,"minecraft:andesite":2,"minecraft:deepslate_lapis_ore":15,"minecraft:deepslate_iron_ore":87,"minecraft:stone":1332,"create:veridium":57,"minecraft:acacia_leaves":5,"minecraft:blackstone":144,"minecraft:basalt":61,"travelersbackpack:standard":1,"minecraft:crafting_table":7,"minecraft:melon":7,"minecraft:glass":2,"minecraft:cobblestone":1,"minecraft:copper_ore":14,"minecraft:nether_quartz_ore":30,"minecraft:tall_grass":11,"minecraft:deepslate_gold_ore":19,"farmersdelight:wild_tomatoes":1,"minecraft:lapis_ore":7,"minecraft:diorite":286,"minecraft:wall_torch":3,"minecraft:wheat":1,"minecraft:yellow_bed":6,"minecraft:grass":24,"minecraft:oak_log":125,"minecraft:dripstone_block":249,"minecraft:gravel":78,"minecraft:dirt":2,"minecraft:smooth_basalt":1,"minecraft:oak_leaves":8,"minecraft:netherrack":518,"minecraft:gold_ore":3,"create:crimsite":156,"minecraft:deepslate":11345},"minecraft:crafted":{"minecraft:wooden_sword":1,"minecraft:oak_planks":1148,"minecraft:diamond_helmet":2,"minecraft:diamond_leggings":2,"minecraft:iron_axe":2,"minecraft:stone_pickaxe":118,"minecraft:diamond_boots":2,"minecraft:cooked_beef":3,"minecraft:emerald":169,"minecraft:crafting_table":4,"minecraft:wooden_pickaxe":1,"minecraft:iron_sword":1,"minecraft:birch_planks":68,"minecraft:air":0,"minecraft:diamond_pickaxe":1,"minecraft:stick":5422,"minecraft:iron_ingot":5,"minecraft:iron_pickaxe":1,"minecraft:wooden_axe":1,"minecraft:acacia_planks":1088,"minecraft:diamond_chestplate":1}},"DataVersion":3465}