{"stats":{"minecraft:used":{"minecraft:wheat_seeds":1,"minecraft:stone_pickaxe":6543,"minecraft:wooden_pickaxe":60,"minecraft:iron_sword":72,"minecraft:torch":5,"minecraft:dirt":4,"minecraft:mutton":2,"minecraft:crafting_table":5,"minecraft:acacia_sapling":7,"minecraft:tuff":4,"minecraft:diamond_pickaxe":904,"minecraft:melon_slice":14,"minecraft:brown_wool":1,"minecraft:iron_pickaxe":500,"minecraft:iron_helmet":1,"minecraft:cobblestone":19,"travelersbackpack:standard":3,"minecraft:egg":2,"minecraft:cooked_beef":8,"minecraft:cobbled_deepslate":71,"minecraft:experience_bottle":1},"minecraft:killed":{"minecraft:cave_spider":1,"minecraft:creeper":1,"minecraft:sheep":1,"minecraft:skeleton":4,"minecraft:zombie":4,"minecraft:cow":2},"minecraft:custom":{"minecraft:interact_with_smithing_table":1,"minecraft:interact_with_furnace":5,"minecraft:mob_kills":13,"minecraft:interact_with_crafting_table":18,"minecraft:open_barrel":1,"minecraft:leave_game":1,"minecraft:time_since_death":188418,"minecraft:sleep_in_bed":5,"minecraft:time_since_rest":7986,"minecraft:sprint_one_cm":87805,"minecraft:damage_taken":937,"minecraft:walk_one_cm":427121,"minecraft:drop":159,"minecraft:damage_dealt":2452,"minecraft:swim_one_cm":980,"minecraft:fly_one_cm":28523,"minecraft:open_chest":16,"minecraft:crouch_one_cm":1072,"minecraft:play_time":188418,"minecraft:sneak_time":539,"minecraft:walk_under_water_one_cm":8915,"minecraft:jump":733,"minecraft:walk_on_water_one_cm":16747,"minecraft:total_world_time":188418,"minecraft:fall_one_cm":9772},"minecraft:picked_up":{"minecraft:wheat":1,"create_new_age:thorium":1,"minecraft:leather_chestplate":1,"minecraft:crafting_table":3,"minecraft:cooked_beef":8,"minecraft:salmon":1,"minecraft:glow_ink_sac":5,"minecraft:andesite":41,"minecraft:leather":1,"minecraft:brown_wool":1,"minecraft:golden_leggings":1,"minecraft:tuff":50,"minecraft:oak_log":5,"minecraft:yellow_bed":1,"minecraft:gunpowder":1,"minecraft:lapis_lazuli":22,"minecraft:string":1,"minecraft:dirt":4,"minecraft:raw_copper":168,"minecraft:iron_leggings":1,"minecraft:cooked_mutton":1,"minecraft:bone":3,"minecraft:experience_bottle":1,"minecraft:apple":1,"minecraft:wheat_seeds":5,"minecraft:cobbled_deepslate":1247,"minecraft:raw_gold":2,"minecraft:iron_ingot":2,"minecraft:beef":3,"minecraft:stone_pickaxe":7,"create:goggles":1,"minecraft:melon_slice":35,"minecraft:acacia_sapling":9,"minecraft:iron_boots":1,"minecraft:egg":2,"minecraft:stick":2,"minecraft:raw_iron":65,"minecraft:torch":30,"minecraft:acacia_log":17,"minecraft:dripstone_block":26,"minecraft:pointed_dripstone":2,"minecraft:leather_helmet":1,"minecraft:spider_eye":1,"travelersbackpack:standard":2,"minecraft:stone_sword":1,"minecraft:diamond":10,"minecraft:iron_helmet":1,"minecraft:granite":1,"minecraft:bread":6,"minecraft:gold_ingot":7,"minecraft:oak_sapling":1,"minecraft:cod":2,"minecraft:mutton":2,"minecraft:cobblestone":588,"minecraft:iron_chestplate":1},"minecraft:broken":{"minecraft:stone_pickaxe":49,"minecraft:iron_pickaxe":2,"minecraft:wooden_pickaxe":1},"minecraft:dropped":{"create_new_age:thorium":10,"minecraft:wheat_seeds":3,"minecraft:glow_ink_sac":5,"minecraft:cobbled_deepslate":4374,"minecraft:raw_copper":6,"minecraft:crafting_table":1,"minecraft:tuff":258,"minecraft:dripstone_block":26,"minecraft:raw_iron":122,"minecraft:pointed_dripstone":2,"minecraft:cobblestone":1396,"minecraft:leather":1,"minecraft:granite":1,"create:crimsite":156,"minecraft:leather_helmet":1,"minecraft:stick":2,"minecraft:leather_chestplate":1,"minecraft:gunpowder":1,"minecraft:wooden_axe":1,"minecraft:andesite":41,"minecraft:oak_sapling":1,"minecraft:acacia_sapling":2,"minecraft:wooden_sword":2,"minecraft:spider_eye":1,"minecraft:stone_pickaxe":8,"minecraft:raw_gold":6,"minecraft:string":1,"minecraft:bone":3},"minecraft:mined":{"minecraft:tuff":340,"minecraft:acacia_leaves":2,"minecraft:deepslate_diamond_ore":38,"travelersbackpack:standard":1,"minecraft:crafting_table":3,"minecraft:acacia_log":18,"minecraft:grass_block":1,"minecraft:melon":7,"create_new_age:thorium_ore":2,"minecraft:tall_grass":4,"minecraft:copper_ore":14,"minecraft:lapis_ore":7,"farmersdelight:wild_tomatoes":1,"minecraft:deepslate_gold_ore":19,"minecraft:wall_torch":2,"minecraft:wheat":1,"minecraft:iron_ore":57,"minecraft:cobbled_deepslate":2,"minecraft:andesite":2,"minecraft:yellow_bed":1,"minecraft:deepslate_lapis_ore":3,"minecraft:grass":11,"minecraft:oak_log":5,"minecraft:deepslate_iron_ore":14,"minecraft:gravel":78,"minecraft:dripstone_block":39,"minecraft:dirt":2,"minecraft:stone":1100,"minecraft:gold_ore":3,"create:veridium":57,"create:crimsite":156,"minecraft:deepslate":6063},"minecraft:crafted":{"minecraft:cooked_beef":3,"minecraft:wooden_sword":1,"minecraft:oak_planks":20,"minecraft:crafting_table":4,"minecraft:wooden_pickaxe":1,"minecraft:iron_sword":1,"minecraft:diamond_pickaxe":1,"minecraft:stick":128,"minecraft:iron_ingot":5,"minecraft:iron_pickaxe":1,"minecraft:stone_pickaxe":59,"minecraft:wooden_axe":1,"minecraft:acacia_planks":68}},"DataVersion":3465}