{"stats":{"minecraft:used":{"minecraft:stone_pickaxe":1159,"minecraft:wooden_pickaxe":60,"minecraft:iron_sword":13,"minecraft:dirt":3,"minecraft:mutton":2,"minecraft:crafting_table":4,"minecraft:acacia_sapling":7,"minecraft:diamond_pickaxe":2,"minecraft:brown_wool":1,"minecraft:iron_pickaxe":250,"minecraft:cobblestone":11,"travelersbackpack:standard":3,"minecraft:egg":1,"minecraft:cooked_beef":2,"minecraft:cobbled_deepslate":2},"minecraft:killed":{"minecraft:sheep":1,"minecraft:skeleton":1,"minecraft:zombie":2},"minecraft:custom":{"minecraft:interact_with_furnace":3,"minecraft:mob_kills":4,"minecraft:interact_with_crafting_table":8,"minecraft:time_since_death":62831,"minecraft:time_since_rest":62831,"minecraft:sprint_one_cm":14436,"minecraft:damage_taken":245,"minecraft:walk_one_cm":90989,"minecraft:drop":30,"minecraft:damage_dealt":592,"minecraft:fly_one_cm":4113,"minecraft:crouch_one_cm":112,"minecraft:play_time":62831,"minecraft:sneak_time":226,"minecraft:walk_under_water_one_cm":2468,"minecraft:jump":184,"minecraft:walk_on_water_one_cm":4371,"minecraft:total_world_time":62831,"minecraft:fall_one_cm":2377},"minecraft:picked_up":{"minecraft:crafting_table":1,"minecraft:cooked_beef":5,"minecraft:glow_ink_sac":5,"minecraft:andesite":41,"minecraft:brown_wool":1,"minecraft:tuff":9,"minecraft:oak_log":5,"minecraft:lapis_lazuli":12,"minecraft:dirt":3,"minecraft:raw_copper":168,"minecraft:cobbled_deepslate":242,"minecraft:raw_gold":2,"minecraft:acacia_sapling":7,"minecraft:egg":1,"minecraft:stick":2,"minecraft:raw_iron":2,"minecraft:torch":28,"minecraft:acacia_log":17,"minecraft:dripstone_block":22,"travelersbackpack:standard":2,"minecraft:diamond":7,"minecraft:oak_sapling":1,"minecraft:mutton":2,"minecraft:cobblestone":576},"minecraft:broken":{"minecraft:stone_pickaxe":7,"minecraft:iron_pickaxe":1,"minecraft:wooden_pickaxe":1},"minecraft:dropped":{"minecraft:raw_copper":6,"minecraft:tuff":68,"minecraft:cobblestone":502,"minecraft:andesite":41,"minecraft:oak_sapling":1,"minecraft:wooden_sword":1,"minecraft:stone_pickaxe":1},"minecraft:mined":{"minecraft:tuff":118,"minecraft:acacia_leaves":2,"minecraft:deepslate_diamond_ore":4,"travelersbackpack:standard":1,"minecraft:crafting_table":1,"minecraft:acacia_log":18,"minecraft:copper_ore":14,"minecraft:lapis_ore":2,"minecraft:cobbled_deepslate":1,"minecraft:andesite":2,"minecraft:grass":1,"minecraft:oak_log":5,"minecraft:deepslate_iron_ore":8,"minecraft:dripstone_block":39,"minecraft:dirt":2,"minecraft:stone":12,"create:veridium":57,"minecraft:deepslate":1213},"minecraft:crafted":{"minecraft:wooden_sword":1,"minecraft:oak_planks":20,"minecraft:crafting_table":4,"minecraft:wooden_pickaxe":1,"minecraft:iron_sword":1,"minecraft:diamond_pickaxe":1,"minecraft:stick":128,"minecraft:iron_ingot":5,"minecraft:iron_pickaxe":1,"minecraft:stone_pickaxe":21,"minecraft:wooden_axe":1,"minecraft:acacia_planks":68}},"DataVersion":3465}