{
  "minecraft:recipes/decorations/oak_sign": {
    "criteria": {
      "has_planks": "2024-10-05 07:23:34 +0000"
    },
    "done": true
  },
  "toms_storage:unlock_glowstone": {
    "criteria": {
      "inv_changed-glowstone": "2024-10-05 07:21:40 +0000"
    },
    "done": true
  },
  "minecraft:nether/explore_nether": {
    "criteria": {
      "minecraft:nether_wastes": "2024-10-05 07:22:39 +0000"
    },
    "done": false
  },
  "another_furniture:recipes/oak_chair": {
    "criteria": {
      "has_planks": "2024-10-05 07:23:34 +0000"
    },
    "done": true
  },
  "create:root": {
    "criteria": {
      "0": "2024-10-05 07:21:40 +0000"
    },
    "done": true
  },
  "minecraft:recipes/decorations/crafting_table": {
    "criteria": {
      "unlock_right_away": "2024-10-05 07:20:06 +0000"
    },
    "done": true
  },
  "minecraft:recipes/decorations/chest": {
    "criteria": {
      "has_lots_of_items": "2024-10-05 07:22:23 +0000"
    },
    "done": true
  },
  "minecraft:recipes/misc/stick": {
    "criteria": {
      "has_planks": "2024-10-05 07:23:34 +0000"
    },
    "done": true
  },
  "toms_storage:unlock_netherite": {
    "criteria": {
      "inv_changed-netherite": "2024-10-05 07:21:40 +0000"
    },
    "done": true
  },
  "farmersdelight:recipes/cooking/apple_cider": {
    "criteria": {
      "has_apple": "2024-10-05 07:21:40 +0000"
    },
    "done": true
  },
  "toms_storage:unlock_chest": {
    "criteria": {
      "inv_changed-chest": "2024-10-05 07:21:40 +0000"
    },
    "done": true
  },
  "mcwbridges:recipes/oak_log_bridge_middle": {
    "criteria": {
      "has_planks": "2024-10-05 07:23:34 +0000"
    },
    "done": true
  },
  "minecraft:recipes/building_blocks/oak_slab": {
    "criteria": {
      "has_planks": "2024-10-05 07:23:34 +0000"
    },
    "done": true
  },
  "vs_eureka:recipes/balloon_color": {
    "criteria": {
      "has_red_balloon": "2024-10-05 07:21:40 +0000",
      "has_black_balloon": "2024-10-05 07:21:40 +0000",
      "has_lime_balloon": "2024-10-05 07:21:40 +0000",
      "has_cyan_balloon": "2024-10-05 07:21:40 +0000",
      "has_light_blue_balloon": "2024-10-05 07:21:40 +0000",
      "has_gray_balloon": "2024-10-05 07:21:40 +0000",
      "has_pink_balloon": "2024-10-05 07:21:40 +0000",
      "has_light_gray_balloon": "2024-10-05 07:21:40 +0000",
      "has_white_balloon": "2024-10-05 07:21:40 +0000",
      "has_blue_balloon": "2024-10-05 07:21:40 +0000",
      "has_yellow_balloon": "2024-10-05 07:21:40 +0000",
      "has_purple_balloon": "2024-10-05 07:21:40 +0000",
      "has_orange_balloon": "2024-10-05 07:21:40 +0000",
      "has_brown_balloon": "2024-10-05 07:21:40 +0000",
      "has_green_balloon": "2024-10-05 07:21:40 +0000",
      "has_magenta_balloon": "2024-10-05 07:21:40 +0000"
    },
    "done": true
  },
  "minecraft:recipes/redstone/oak_fence_gate": {
    "criteria": {
      "has_planks": "2024-10-05 07:23:34 +0000"
    },
    "done": true
  },
  "minecraft:recipes/misc/charcoal": {
    "criteria": {
      "has_log": "2024-10-05 07:22:05 +0000"
    },
    "done": true
  },
  "minecraft:recipes/redstone/oak_door": {
    "criteria": {
      "has_planks": "2024-10-05 07:23:34 +0000"
    },
    "done": true
  },
  "vs_eureka:recipes/balloon_leather": {
    "criteria": {
      "has_leather": "2024-10-05 07:21:40 +0000"
    },
    "done": true
  },
  "minecraft:adventure/root": {
    "criteria": {
      "killed_by_something": "2024-10-05 07:21:28 +0000"
    },
    "done": true
  },
  "minecraft:recipes/building_blocks/oak_planks": {
    "criteria": {
      "has_logs": "2024-10-05 07:22:05 +0000"
    },
    "done": true
  },
  "vs_eureka:recipes/ship_helm": {
    "criteria": {
      "has_gold": "2024-10-05 07:21:40 +0000"
    },
    "done": true
  },
  "minecraft:recipes/decorations/barrel": {
    "criteria": {
      "has_planks": "2024-10-05 07:23:34 +0000"
    },
    "done": true
  },
  "vs_eureka:recipes/balloon_paper": {
    "criteria": {
      "has_paper": "2024-10-05 07:21:40 +0000"
    },
    "done": true
  },
  "mcwbridges:recipes/asian_red_bridge_pier": {
    "criteria": {
      "has_planks": "2024-10-05 07:23:34 +0000"
    },
    "done": true
  },
  "minecraft:recipes/building_blocks/oak_wood": {
    "criteria": {
      "has_log": "2024-10-05 07:22:05 +0000"
    },
    "done": true
  },
  "vs_eureka:recipes/balloon_membrane": {
    "criteria": {
      "has_membrane": "2024-10-05 07:21:40 +0000"
    },
    "done": true
  },
  "minecraft:recipes/redstone/oak_trapdoor": {
    "criteria": {
      "has_planks": "2024-10-05 07:23:34 +0000"
    },
    "done": true
  },
  "minecraft:story/enter_the_nether": {
    "criteria": {
      "entered_nether": "2024-10-05 07:22:38 +0000"
    },
    "done": true
  },
  "minecraft:recipes/building_blocks/oak_stairs": {
    "criteria": {
      "has_planks": "2024-10-05 07:23:34 +0000"
    },
    "done": true
  },
  "minecraft:recipes/decorations/oak_fence": {
    "criteria": {
      "has_planks": "2024-10-05 07:23:34 +0000"
    },
    "done": true
  },
  "mcwbridges:recipes/asian_red_bridge": {
    "criteria": {
      "has_planks": "2024-10-05 07:23:34 +0000"
    },
    "done": true
  },
  "minecraft:husbandry/root": {
    "criteria": {
      "consumed_item": "2024-10-05 07:23:31 +0000"
    },
    "done": true
  },
  "mcwbridges:recipes/rope_oak_bridge": {
    "criteria": {
      "has_planks": "2024-10-05 07:23:34 +0000"
    },
    "done": true
  },
  "minecraft:recipes/redstone/oak_button": {
    "criteria": {
      "has_planks": "2024-10-05 07:23:34 +0000"
    },
    "done": true
  },
  "mcwbridges:recipes/oak_rail_bridge": {
    "criteria": {
      "has_planks": "2024-10-05 07:23:34 +0000"
    },
    "done": true
  },
  "mcwbridges:recipes/oak_bridge_pier": {
    "criteria": {
      "has_planks": "2024-10-05 07:22:05 +0000"
    },
    "done": true
  },
  "another_furniture:recipes/oak_shelf": {
    "criteria": {
      "has_planks": "2024-10-05 07:23:34 +0000"
    },
    "done": true
  },
  "minecraft:nether/root": {
    "criteria": {
      "entered_nether": "2024-10-05 07:22:38 +0000"
    },
    "done": true
  },
  "farmersdelight:main/root": {
    "criteria": {
      "seeds": "2024-10-05 07:21:40 +0000"
    },
    "done": true
  },
  "minecraft:recipes/redstone/oak_pressure_plate": {
    "criteria": {
      "has_planks": "2024-10-05 07:23:34 +0000"
    },
    "done": true
  },
  "toms_storage:unlock_dia_pearl": {
    "criteria": {
      "inv_changed-ender_pearl": "2024-10-05 07:21:40 +0000",
      "inv_changed-diamond": "2024-10-05 07:21:40 +0000"
    },
    "done": true
  },
  "another_furniture:recipes/oak_table": {
    "criteria": {
      "has_planks": "2024-10-05 07:23:34 +0000"
    },
    "done": true
  },
  "create:recipes/building_blocks/oak_window": {
    "criteria": {
      "has_ingredient": "2024-10-05 07:23:34 +0000"
    },
    "done": true
  },
  "minecraft:adventure/adventuring_time": {
    "criteria": {
      "minecraft:plains": "2024-10-05 07:20:08 +0000"
    },
    "done": false
  },
  "minecraft:husbandry/balanced_diet": {
    "criteria": {
      "apple": "2024-10-05 07:23:31 +0000"
    },
    "done": false
  },
  "DataVersion": 3465
}